claim_id,post_file,claim_text,claim_type,source,verification_status,is_illustrative
0001,2026-05-19-0600-cam-math-001.md,A tenant question about the gross-up factor should not require rebuilding the workbook.,workflow-principle,https://www.capveri.com/resources/cam-gross-up-calculation-guide,post_body_statement_reviewed_against_source,no
0002,2026-05-19-0600-cam-math-001.md,"Before billing, compare actual occupancy to the lease target before applying a factor.",workflow-principle,https://www.capveri.com/resources/cam-gross-up-calculation-guide,post_body_statement_reviewed_against_source,no
0003,2026-05-19-0600-cam-math-001.md,"If actual occupancy is already at or above the target, the factor should be 1.0.",workflow-principle,https://www.capveri.com/resources/cam-gross-up-calculation-guide,illustrative_example,yes
0004,2026-05-19-0700-erp-workarounds-002.md,GL export QA should leave a trail a second reviewer can follow.,workflow-principle,https://www.capveri.com/resources/gl-analysis-explained,post_body_statement_reviewed_against_source,no
0005,2026-05-19-0700-erp-workarounds-002.md,1. Start with the lease rule. An export can balance and still be incomplete for CAM work.,workflow-principle,https://www.capveri.com/resources/gl-analysis-explained,post_body_statement_reviewed_against_source,no
0006,2026-05-19-0700-erp-workarounds-002.md,"2. Check the source data. Check date filters, accrual timing, entity scope, and excluded accounts.",workflow-principle,https://www.capveri.com/resources/gl-analysis-explained,post_body_statement_reviewed_against_source,no
0007,2026-05-19-0800-war-stories-003.md,Audit defense packet: one small setup choice can change the tenant answer.,workflow-principle,https://www.capveri.com/resources/landlord-cam-audit-defense-playbook,post_body_statement_reviewed_against_source,no
0008,2026-05-19-0800-war-stories-003.md,"Before billing, include source export, lease clause reference, calculation trace, and variance notes.",workflow-principle,https://www.capveri.com/resources/landlord-cam-audit-defense-playbook,post_body_statement_reviewed_against_source,no
0009,2026-05-19-0800-war-stories-003.md,"A tenant asking about landscaping should see the GL lines, allocation basis, and exclusion review.",workflow-principle,https://www.capveri.com/resources/landlord-cam-audit-defense-playbook,illustrative_example,yes
0010,2026-05-19-0900-anti-integration-004.md,Start with export-based verification.,workflow-principle,https://www.capveri.com/resources/data-migration-off-excel,post_body_statement_reviewed_against_source,no
0011,2026-05-19-0900-anti-integration-004.md,Lease rule: CAM verification can work from exports without replacing the ERP.,workflow-principle,https://www.capveri.com/resources/data-migration-off-excel,post_body_statement_reviewed_against_source,no
0012,2026-05-19-0900-anti-integration-004.md,"Source file: use CSV, Excel, and PDF outputs as the input layer.",workflow-principle,https://www.capveri.com/resources/data-migration-off-excel,post_body_statement_reviewed_against_source,no
0013,2026-05-19-1000-cam-math-005.md,CAM caps can expose drift in an otherwise clean CAM statement.,workflow-principle,https://www.capveri.com/resources/cam-expense-caps,post_body_statement_reviewed_against_source,no
0014,2026-05-19-1000-cam-math-005.md,"Before billing, confirm whether each cap is cumulative, non-cumulative, compounded, or fixed.",workflow-principle,https://www.capveri.com/resources/cam-expense-caps,post_body_statement_reviewed_against_source,no
0015,2026-05-19-1000-cam-math-005.md,A 5 percent cap can behave very differently depending on whether unused cap room carries forward.,workflow-principle,https://www.capveri.com/resources/cam-expense-caps,illustrative_example,yes
0016,2026-05-19-1100-industry-news-006.md,BOMA 2024: verify the source before you explain the number.,workflow-principle,https://www.capveri.com/resources/boma-2024-implementation-guide,post_body_statement_reviewed_against_source,no
0017,2026-05-19-1100-industry-news-006.md,"The useful visual is simple: CAM number on one side; source, rule, and trace on the other.",workflow-principle,https://www.capveri.com/resources/boma-2024-implementation-guide,post_body_statement_reviewed_against_source,no
0018,2026-05-19-1100-industry-news-006.md,"If the rule is portfolio-specific, name the portfolio policy in the file.",workflow-principle,https://www.capveri.com/resources/boma-2024-implementation-guide,post_body_statement_reviewed_against_source,no
0019,2026-05-19-1200-cam-math-007.md,A review of the base-year stop belongs in CAM close before final billing.,workflow-principle,https://www.capveri.com/resources/base-year-expense-stop,post_body_statement_reviewed_against_source,no
0020,2026-05-19-1200-cam-math-007.md,1. Start with the lease rule. Base-year leases compare current recoverable expenses against a baseline year.,workflow-principle,https://www.capveri.com/resources/base-year-expense-stop,post_body_statement_reviewed_against_source,no
0021,2026-05-19-1200-cam-math-007.md,2. Check the source data. Normalize one-time items before using the base year as a benchmark.,workflow-principle,https://www.capveri.com/resources/base-year-expense-stop,post_body_statement_reviewed_against_source,no
0022,2026-05-19-1300-erp-workarounds-008.md,Watch Yardi export review inside the export.,workflow-principle,https://www.capveri.com/resources/export-cam-yardi-voyager,post_body_statement_reviewed_against_source,no
0023,2026-05-19-1300-erp-workarounds-008.md,"Before billing, review recovery pool, share type, gross-up, cap, and exclusion settings against the lease.",workflow-principle,https://www.capveri.com/resources/export-cam-yardi-voyager,post_body_statement_reviewed_against_source,no
0024,2026-05-19-1300-erp-workarounds-008.md,The report can run cleanly while one tenant uses the wrong share type.,workflow-principle,https://www.capveri.com/resources/export-cam-yardi-voyager,illustrative_example,yes
0025,2026-05-19-1400-war-stories-009.md,Tenant disputes deserves a source check before anyone formats the packet.,workflow-principle,https://www.capveri.com/resources/tenant-cam-dispute,post_body_statement_reviewed_against_source,no
0026,2026-05-19-1400-war-stories-009.md,"Setup: many disputes start with missing support, not a dramatic accounting error.",workflow-principle,https://www.capveri.com/resources/tenant-cam-dispute,post_body_statement_reviewed_against_source,no
0027,2026-05-19-1400-war-stories-009.md,Drift: review the lines tenants are most likely to question before the packet is sent.,workflow-principle,https://www.capveri.com/resources/tenant-cam-dispute,post_body_statement_reviewed_against_source,no
0028,2026-05-19-1500-cam-math-010.md,Pro-rata denominator can expose drift in an otherwise clean CAM statement.,workflow-principle,https://www.capveri.com/resources/pro-rata-share-calculation,post_body_statement_reviewed_against_source,no
0029,2026-05-19-1500-cam-math-010.md,"Before billing, match the denominator to the lease, not just the building setup screen.",workflow-principle,https://www.capveri.com/resources/pro-rata-share-calculation,post_body_statement_reviewed_against_source,no
0030,2026-05-19-1500-cam-math-010.md,"Building RSF, occupied RSF, floor RSF, and pool RSF can all produce different percentages.",workflow-principle,https://www.capveri.com/resources/pro-rata-share-calculation,illustrative_example,yes
0031,2026-05-19-1600-anti-integration-011.md,Deterministic CAM math should leave a trail a second reviewer can follow.,workflow-principle,https://www.capveri.com/resources/deterministic-vs-ai-cam,post_body_statement_reviewed_against_source,no
0032,2026-05-19-1600-anti-integration-011.md,1. Start with the lease rule. Financial math should be deterministic and auditable.,workflow-principle,https://www.capveri.com/resources/deterministic-vs-ai-cam,post_body_statement_reviewed_against_source,no
0033,2026-05-19-1600-anti-integration-011.md,"2. Check the source data. Use rules, formulas, and source-backed inputs for allocations.",workflow-principle,https://www.capveri.com/resources/deterministic-vs-ai-cam,post_body_statement_reviewed_against_source,no
0034,2026-05-19-1700-founder-012.md,Start with the CAM close calendar.,workflow-principle,https://www.capveri.com/resources/year-end-close-checklist-cam,post_body_statement_reviewed_against_source,no
0035,2026-05-19-1700-founder-012.md,Lease rule: CAM close works better when review steps are scheduled before statement drafting.,workflow-principle,https://www.capveri.com/resources/year-end-close-checklist-cam,post_body_statement_reviewed_against_source,no
0036,2026-05-19-1700-founder-012.md,"Source file: reserve time for export QA, lease-rule review, exception resolution, and packet assembly.",workflow-principle,https://www.capveri.com/resources/year-end-close-checklist-cam,post_body_statement_reviewed_against_source,no
0037,2026-05-19-1800-cam-math-013.md,CapEx vs. OpEx: one small setup choice can change the tenant answer.,workflow-principle,https://www.capveri.com/resources/capex-detection-cam,post_body_statement_reviewed_against_source,no
0038,2026-05-19-1800-cam-math-013.md,"Before billing, look for capitalization clues before the line enters a recoverable pool.",workflow-principle,https://www.capveri.com/resources/capex-detection-cam,post_body_statement_reviewed_against_source,no
0039,2026-05-19-1800-cam-math-013.md,A repairs account can include invoices that deserve a capital-project check.,workflow-principle,https://www.capveri.com/resources/capex-detection-cam,illustrative_example,yes
0040,2026-05-19-1900-product-014.md,Which issue around the CapVeri trace slows down CAM close the most?,product-positioning,https://www.capveri.com/product-tour,post_body_statement_reviewed_against_source,no
0041,2026-05-19-1900-product-014.md,A. Missing source support,post-body-guidance,https://www.capveri.com/product-tour,post_body_statement_reviewed_against_source,no
0042,2026-05-19-1900-product-014.md,B. Lease-rule ambiguity,post-body-guidance,https://www.capveri.com/product-tour,post_body_statement_reviewed_against_source,no
0043,2026-05-19-2000-engagement-015.md,Where does the handoff around the gross-up factor lose the most context?,workflow-principle,https://www.capveri.com/resources/cam-gross-up-calculation-guide,post_body_statement_reviewed_against_source,no
0044,2026-05-19-2000-engagement-015.md,"The math, the source data, the lease interpretation, or the tenant packet support?",workflow-principle,https://www.capveri.com/resources/cam-gross-up-calculation-guide,post_body_statement_reviewed_against_source,no
0045,2026-05-19-2000-engagement-015.md,"Treat the exception note as part of the reconciliation, not an afterthought.",workflow-principle,https://www.capveri.com/resources/cam-gross-up-calculation-guide,post_body_statement_reviewed_against_source,no
0046,2026-05-20-0600-cam-math-016.md,CAM teams do not need more ceremony. They need better checks around management fees.,workflow-principle,https://www.capveri.com/resources/admin-fee-calculation-methods,post_body_statement_reviewed_against_source,no
0047,2026-05-20-0600-cam-math-016.md,1. Start with the lease rule. Management fees depend on the lease basis and any fee cap.,workflow-principle,https://www.capveri.com/resources/admin-fee-calculation-methods,post_body_statement_reviewed_against_source,no
0048,2026-05-20-0600-cam-math-016.md,"2. Check the source data. Verify whether the fee is calculated on gross rent, recoverable expenses, or another base.",workflow-principle,https://www.capveri.com/resources/admin-fee-calculation-methods,post_body_statement_reviewed_against_source,no
0049,2026-05-20-0700-erp-workarounds-017.md,"If the review for MRI export review is hard to explain, the packet needs work.",workflow-principle,https://www.capveri.com/resources/export-cam-mri,post_body_statement_reviewed_against_source,no
0050,2026-05-20-0700-erp-workarounds-017.md,"Before billing, compare share type, billing pool, lease exclusions, and gross-up rules before statements go out.",workflow-principle,https://www.capveri.com/resources/export-cam-mri,post_body_statement_reviewed_against_source,no
0051,2026-05-20-0700-erp-workarounds-017.md,A tenant can be assigned to the right pool and still use the wrong denominator.,workflow-principle,https://www.capveri.com/resources/export-cam-mri,illustrative_example,yes
0052,2026-05-20-0800-war-stories-018.md,Start with pre-send QA.,workflow-principle,https://www.capveri.com/resources/cam-presend-checklist,post_body_statement_reviewed_against_source,no
0053,2026-05-20-0800-war-stories-018.md,Lease rule: the best time to catch a CAM issue is before the tenant packet goes out.,workflow-principle,https://www.capveri.com/resources/cam-presend-checklist,post_body_statement_reviewed_against_source,no
0054,2026-05-20-0800-war-stories-018.md,"Source file: run checks for pool membership, non-recoverable lines, gross-up, caps, and denominator changes.",workflow-principle,https://www.capveri.com/resources/cam-presend-checklist,post_body_statement_reviewed_against_source,no
0055,2026-05-20-0900-anti-integration-019.md,Check spreadsheet risk before the packet leaves accounting.,workflow-principle,https://www.capveri.com/resources/data-migration-off-excel,post_body_statement_reviewed_against_source,no
0056,2026-05-20-0900-anti-integration-019.md,"Before billing, check hard-coded factors, copied formulas, hidden tabs, and stale denominators.",workflow-principle,https://www.capveri.com/resources/data-migration-off-excel,post_body_statement_reviewed_against_source,no
0057,2026-05-20-0900-anti-integration-019.md,A workbook can pass tie-out while one tenant row still points to last year's denominator.,workflow-principle,https://www.capveri.com/resources/data-migration-off-excel,illustrative_example,yes
0058,2026-05-20-1000-cam-math-020.md,"Before you send the CAM packet, check the gross-up factor.",workflow-principle,https://www.capveri.com/resources/cam-gross-up-calculation-guide,post_body_statement_reviewed_against_source,no
0059,2026-05-20-1000-cam-math-020.md,Setup: gross-up should apply to variable expenses only.,workflow-principle,https://www.capveri.com/resources/cam-gross-up-calculation-guide,post_body_statement_reviewed_against_source,no
0060,2026-05-20-1000-cam-math-020.md,Drift: compare actual occupancy to the lease target before applying a factor.,workflow-principle,https://www.capveri.com/resources/cam-gross-up-calculation-guide,post_body_statement_reviewed_against_source,no
0061,2026-05-20-1100-industry-news-021.md,A tenant question about California SB 1103 should not require rebuilding the workbook.,workflow-principle,https://www.capveri.com/resources/sb-1103-compliance,post_body_statement_reviewed_against_source,no
0062,2026-05-20-1100-industry-news-021.md,"Before billing, separate legal interpretation from accounting support and keep the source documentation ready.",workflow-principle,https://www.capveri.com/resources/sb-1103-compliance,post_body_statement_reviewed_against_source,no
0063,2026-05-20-1100-industry-news-021.md,A disclosure obligation is much easier to handle when the GL export and allocation logic are already organized.,workflow-principle,https://www.capveri.com/resources/sb-1103-compliance,illustrative_example,yes
0064,2026-05-20-1200-cam-math-022.md,A review of CAM caps belongs in CAM close before final billing.,workflow-principle,https://www.capveri.com/resources/cam-expense-caps,post_body_statement_reviewed_against_source,no
0065,2026-05-20-1200-cam-math-022.md,1. Start with the lease rule. Caps only work when the base amount and cap type are recorded correctly.,workflow-principle,https://www.capveri.com/resources/cam-expense-caps,post_body_statement_reviewed_against_source,no
0066,2026-05-20-1200-cam-math-022.md,"2. Check the source data. Confirm whether each cap is cumulative, non-cumulative, compounded, or fixed.",workflow-principle,https://www.capveri.com/resources/cam-expense-caps,post_body_statement_reviewed_against_source,no
0067,2026-05-20-1300-erp-workarounds-023.md,Export review is cheaper than reopening a tenant packet after questions start.,workflow-principle,https://www.capveri.com/resources/export-cam-realpage,post_body_statement_reviewed_against_source,no
0068,2026-05-20-1300-erp-workarounds-023.md,"The useful visual is simple: CAM number on one side; source, rule, and trace on the other.",workflow-principle,https://www.capveri.com/resources/export-cam-realpage,post_body_statement_reviewed_against_source,no
0069,2026-05-20-1300-erp-workarounds-023.md,Use this check to find setup drift before it becomes tenant-facing.,workflow-principle,https://www.capveri.com/resources/export-cam-realpage,post_body_statement_reviewed_against_source,no
0070,2026-05-20-1400-war-stories-024.md,Calculation audit trail can expose drift in an otherwise clean CAM statement.,workflow-principle,https://www.capveri.com/resources/self-audit-cam-billing,post_body_statement_reviewed_against_source,no
0071,2026-05-20-1400-war-stories-024.md,"Before billing, keep GL line, pool assignment, lease clause, factor, cap rule, and tenant allocation together.",workflow-principle,https://www.capveri.com/resources/self-audit-cam-billing,post_body_statement_reviewed_against_source,no
0072,2026-05-20-1400-war-stories-024.md,"If a tenant asks why their share changed, the answer should not require rebuilding the workbook.",workflow-principle,https://www.capveri.com/resources/self-audit-cam-billing,illustrative_example,yes
0073,2026-05-20-1500-cam-math-025.md,The quiet risk in the base-year stop starts before the statement is formatted.,workflow-principle,https://www.capveri.com/resources/base-year-expense-stop,post_body_statement_reviewed_against_source,no
0074,2026-05-20-1500-cam-math-025.md,What to verify: normalize one-time items before using the base year as a benchmark.,workflow-principle,https://www.capveri.com/resources/base-year-expense-stop,post_body_statement_reviewed_against_source,no
0075,2026-05-20-1500-cam-math-025.md,What can go wrong: Storm cleanup in the base year should not quietly lower recoveries for every later year.,workflow-principle,https://www.capveri.com/resources/base-year-expense-stop,illustrative_example,yes
0076,2026-05-20-1600-anti-integration-026.md,A tenant question about export-based verification should not require rebuilding the workbook.,workflow-principle,https://www.capveri.com/resources/data-migration-off-excel,post_body_statement_reviewed_against_source,no
0077,2026-05-20-1600-anti-integration-026.md,"Before billing, use CSV, Excel, and PDF outputs as the input layer.",workflow-principle,https://www.capveri.com/resources/data-migration-off-excel,post_body_statement_reviewed_against_source,no
0078,2026-05-20-1600-anti-integration-026.md,"Keep Yardi or MRI as the system of record, then run an independent lease-term calculation beside it.",workflow-principle,https://www.capveri.com/resources/data-migration-off-excel,illustrative_example,yes
0079,2026-05-20-1700-founder-027.md,"The hard part is keeping the export, lease rule, and exception trail together.",workflow-principle,https://www.capveri.com/resources/multi-property-cam-workflow,post_body_statement_reviewed_against_source,no
0080,2026-05-20-1700-founder-027.md,"It is the setup behind the arithmetic. Prioritize what changed, what failed, what needs approval, and what is ready to send.",workflow-principle,https://www.capveri.com/resources/multi-property-cam-workflow,post_body_statement_reviewed_against_source,no
0081,2026-05-20-1700-founder-027.md,"CapVeri keeps export review, lease-term logic, and the calculation record in one review path.",product-positioning,https://www.capveri.com/resources/multi-property-cam-workflow,post_body_statement_reviewed_against_source,no
0082,2026-05-20-1800-cam-math-028.md,Where do tenant questions about the pro-rata denominator usually start?,workflow-principle,https://www.capveri.com/resources/pro-rata-share-calculation,post_body_statement_reviewed_against_source,no
0083,2026-05-20-1800-cam-math-028.md,A. Taxes and insurance,post-body-guidance,https://www.capveri.com/resources/pro-rata-share-calculation,post_body_statement_reviewed_against_source,no
0084,2026-05-20-1800-cam-math-028.md,B. Management fees,post-body-guidance,https://www.capveri.com/resources/pro-rata-share-calculation,post_body_statement_reviewed_against_source,no
0085,2026-05-20-1900-product-029.md,Spreadsheets and ERP setup screens can show the output.,workflow-principle,https://www.capveri.com/sample-report,post_body_statement_reviewed_against_source,no
0086,2026-05-20-1900-product-029.md,"CapVeri keeps the export, lease rule, exception, and tenant-level trace in one review path.",product-positioning,https://www.capveri.com/sample-report,post_body_statement_reviewed_against_source,no
0087,2026-05-20-1900-product-029.md,A gross-up finding should show the occupancy inputs and expense lines affected.,workflow-principle,https://www.capveri.com/sample-report,illustrative_example,yes
0088,2026-05-20-2000-engagement-030.md,"If you could clean up one part of CAM caps when a tenant asks for support, what would you choose?",workflow-principle,https://www.capveri.com/resources/cam-expense-caps,post_body_statement_reviewed_against_source,no
0089,2026-05-20-2000-engagement-030.md,"The math, the source data, the lease interpretation, or the tenant packet support?",workflow-principle,https://www.capveri.com/resources/cam-expense-caps,post_body_statement_reviewed_against_source,no
0090,2026-05-20-2000-engagement-030.md,One clear memo now can prevent a long email thread later.,workflow-principle,https://www.capveri.com/resources/cam-expense-caps,post_body_statement_reviewed_against_source,no
0091,2026-05-21-0600-cam-math-031.md,CapEx vs. OpEx can expose drift in an otherwise clean CAM statement.,workflow-principle,https://www.capveri.com/resources/capex-detection-cam,post_body_statement_reviewed_against_source,no
0092,2026-05-21-0600-cam-math-031.md,"Before billing, look for capitalization clues before the line enters a recoverable pool.",workflow-principle,https://www.capveri.com/resources/capex-detection-cam,post_body_statement_reviewed_against_source,no
0093,2026-05-21-0600-cam-math-031.md,A repairs account can include invoices that deserve a capital-project check.,workflow-principle,https://www.capveri.com/resources/capex-detection-cam,illustrative_example,yes
0094,2026-05-21-0700-erp-workarounds-032.md,Start with GL export QA.,workflow-principle,https://www.capveri.com/resources/gl-analysis-explained,post_body_statement_reviewed_against_source,no
0095,2026-05-21-0700-erp-workarounds-032.md,Lease rule: an export can balance and still be incomplete for CAM work.,workflow-principle,https://www.capveri.com/resources/gl-analysis-explained,post_body_statement_reviewed_against_source,no
0096,2026-05-21-0700-erp-workarounds-032.md,"Source file: check date filters, accrual timing, entity scope, and excluded accounts.",workflow-principle,https://www.capveri.com/resources/gl-analysis-explained,post_body_statement_reviewed_against_source,no
0097,2026-05-21-0800-war-stories-033.md,Watch the audit defense packet before final billing.,workflow-principle,https://www.capveri.com/resources/landlord-cam-audit-defense-playbook,post_body_statement_reviewed_against_source,no
0098,2026-05-21-0800-war-stories-033.md,"Before billing, include source export, lease clause reference, calculation trace, and variance notes.",workflow-principle,https://www.capveri.com/resources/landlord-cam-audit-defense-playbook,post_body_statement_reviewed_against_source,no
0099,2026-05-21-0800-war-stories-033.md,"A tenant asking about landscaping should see the GL lines, allocation basis, and exclusion review.",workflow-principle,https://www.capveri.com/resources/landlord-cam-audit-defense-playbook,illustrative_example,yes
0100,2026-05-21-0900-anti-integration-034.md,The packet gets easier to review when deterministic CAM math is documented early.,workflow-principle,https://www.capveri.com/resources/deterministic-vs-ai-cam,post_body_statement_reviewed_against_source,no
0101,2026-05-21-0900-anti-integration-034.md,1. Start with the lease rule. Financial math should be deterministic and auditable.,workflow-principle,https://www.capveri.com/resources/deterministic-vs-ai-cam,post_body_statement_reviewed_against_source,no
0102,2026-05-21-0900-anti-integration-034.md,"2. Check the source data. Use rules, formulas, and source-backed inputs for allocations.",workflow-principle,https://www.capveri.com/resources/deterministic-vs-ai-cam,post_body_statement_reviewed_against_source,no
0103,2026-05-21-1000-cam-math-035.md,The fastest review of management fees starts with the source file.,workflow-principle,https://www.capveri.com/resources/admin-fee-calculation-methods,post_body_statement_reviewed_against_source,no
0104,2026-05-21-1000-cam-math-035.md,"Before billing, verify whether the fee is calculated on gross rent, recoverable expenses, or another base.",workflow-principle,https://www.capveri.com/resources/admin-fee-calculation-methods,post_body_statement_reviewed_against_source,no
0105,2026-05-21-1000-cam-math-035.md,Applying a fee to an expense pool that already includes the fee can create circular math.,workflow-principle,https://www.capveri.com/resources/admin-fee-calculation-methods,illustrative_example,yes
0106,2026-05-21-1100-industry-news-036.md,"When property tax pass-throughs changes, the tenant note should change with it.",workflow-principle,https://www.capveri.com/resources/real-estate-tax-reconciliation,post_body_statement_reviewed_against_source,no
0107,2026-05-21-1100-industry-news-036.md,Setup: tax pass-throughs can move tenant charges quickly.,workflow-principle,https://www.capveri.com/resources/real-estate-tax-reconciliation,post_body_statement_reviewed_against_source,no
0108,2026-05-21-1100-industry-news-036.md,"Drift: separate assessment changes, refunds, appeals, and prior-year adjustments.",workflow-principle,https://www.capveri.com/resources/real-estate-tax-reconciliation,post_body_statement_reviewed_against_source,no
0109,2026-05-21-1200-cam-math-037.md,Check the gross-up factor before the packet leaves accounting.,workflow-principle,https://www.capveri.com/resources/cam-gross-up-calculation-guide,post_body_statement_reviewed_against_source,no
0110,2026-05-21-1200-cam-math-037.md,"Before billing, compare actual occupancy to the lease target before applying a factor.",workflow-principle,https://www.capveri.com/resources/cam-gross-up-calculation-guide,post_body_statement_reviewed_against_source,no
0111,2026-05-21-1200-cam-math-037.md,"If actual occupancy is already at or above the target, the factor should be 1.0.",workflow-principle,https://www.capveri.com/resources/cam-gross-up-calculation-guide,illustrative_example,yes
0112,2026-05-21-1300-erp-workarounds-038.md,A tenant question about Yardi export review should not require rebuilding the workbook.,workflow-principle,https://www.capveri.com/resources/export-cam-yardi-voyager,post_body_statement_reviewed_against_source,no
0113,2026-05-21-1300-erp-workarounds-038.md,"Before billing, review recovery pool, share type, gross-up, cap, and exclusion settings against the lease.",workflow-principle,https://www.capveri.com/resources/export-cam-yardi-voyager,post_body_statement_reviewed_against_source,no
0114,2026-05-21-1300-erp-workarounds-038.md,The report can run cleanly while one tenant uses the wrong share type.,workflow-principle,https://www.capveri.com/resources/export-cam-yardi-voyager,illustrative_example,yes
0115,2026-05-21-1400-war-stories-039.md,A review of tenant dispute prep belongs in CAM close before final billing.,workflow-principle,https://www.capveri.com/resources/tenant-cam-dispute,post_body_statement_reviewed_against_source,no
0116,2026-05-21-1400-war-stories-039.md,"1. Start with the lease rule. Many disputes start with missing support, not a dramatic accounting error.",workflow-principle,https://www.capveri.com/resources/tenant-cam-dispute,post_body_statement_reviewed_against_source,no
0117,2026-05-21-1400-war-stories-039.md,2. Check the source data. Review the lines tenants are most likely to question before the packet is sent.,workflow-principle,https://www.capveri.com/resources/tenant-cam-dispute,post_body_statement_reviewed_against_source,no
0118,2026-05-21-1500-cam-math-040.md,The quiet risk in CAM caps starts before the statement is formatted.,workflow-principle,https://www.capveri.com/resources/cam-expense-caps,post_body_statement_reviewed_against_source,no
0119,2026-05-21-1500-cam-math-040.md,"What to verify: confirm whether each cap is cumulative, non-cumulative, compounded, or fixed.",workflow-principle,https://www.capveri.com/resources/cam-expense-caps,post_body_statement_reviewed_against_source,no
0120,2026-05-21-1500-cam-math-040.md,What can go wrong: A 5 percent cap can behave very differently depending on whether unused cap room carries forward.,workflow-principle,https://www.capveri.com/resources/cam-expense-caps,illustrative_example,yes
0121,2026-05-21-1600-anti-integration-041.md,The fastest review of spreadsheet risk starts with the source file.,workflow-principle,https://www.capveri.com/resources/data-migration-off-excel,post_body_statement_reviewed_against_source,no
0122,2026-05-21-1600-anti-integration-041.md,"Before billing, check hard-coded factors, copied formulas, hidden tabs, and stale denominators.",workflow-principle,https://www.capveri.com/resources/data-migration-off-excel,post_body_statement_reviewed_against_source,no
0123,2026-05-21-1600-anti-integration-041.md,A workbook can pass tie-out while one tenant row still points to last year's denominator.,workflow-principle,https://www.capveri.com/resources/data-migration-off-excel,illustrative_example,yes
0124,2026-05-21-1700-founder-042.md,"In CAM close, the final arithmetic is usually the easy part.",workflow-principle,https://www.capveri.com/resources/year-end-close-checklist-cam,post_body_statement_reviewed_against_source,no
0125,2026-05-21-1700-founder-042.md,"It is the setup behind the arithmetic. Reserve time for export QA, lease-rule review, exception resolution, and packet assembly.",workflow-principle,https://www.capveri.com/resources/year-end-close-checklist-cam,post_body_statement_reviewed_against_source,no
0126,2026-05-21-1700-founder-042.md,"CapVeri keeps export review, lease-term logic, and the calculation record in one review path.",product-positioning,https://www.capveri.com/resources/year-end-close-checklist-cam,post_body_statement_reviewed_against_source,no
0127,2026-05-21-1800-cam-math-043.md,Base-year stop should leave a trail a second reviewer can follow.,workflow-principle,https://www.capveri.com/resources/base-year-expense-stop,post_body_statement_reviewed_against_source,no
0128,2026-05-21-1800-cam-math-043.md,1. Start with the lease rule. Base-year leases compare current recoverable expenses against a baseline year.,workflow-principle,https://www.capveri.com/resources/base-year-expense-stop,post_body_statement_reviewed_against_source,no
0129,2026-05-21-1800-cam-math-043.md,2. Check the source data. Normalize one-time items before using the base year as a benchmark.,workflow-principle,https://www.capveri.com/resources/base-year-expense-stop,post_body_statement_reviewed_against_source,no
0130,2026-05-21-1900-product-044.md,A CAM total is not support. The support is the trace behind it.,workflow-principle,https://www.capveri.com/product-tour,post_body_statement_reviewed_against_source,no
0131,2026-05-21-1900-product-044.md,"The useful visual is simple: CAM number on one side; source, rule, and trace on the other.",workflow-principle,https://www.capveri.com/product-tour,post_body_statement_reviewed_against_source,no
0132,2026-05-21-1900-product-044.md,A missing source note can create the same delay as a wrong formula.,workflow-principle,https://www.capveri.com/product-tour,post_body_statement_reviewed_against_source,no
0133,2026-05-21-2000-engagement-045.md,Which issue around the base-year stop slows down CAM close the most?,workflow-principle,https://www.capveri.com/resources/base-year-expense-stop,post_body_statement_reviewed_against_source,no
0134,2026-05-21-2000-engagement-045.md,A. Missing source support,post-body-guidance,https://www.capveri.com/resources/base-year-expense-stop,post_body_statement_reviewed_against_source,no
0135,2026-05-21-2000-engagement-045.md,B. Lease-rule ambiguity,post-body-guidance,https://www.capveri.com/resources/base-year-expense-stop,post_body_statement_reviewed_against_source,no
0136,2026-05-22-0600-cam-math-046.md,A CAM total is not support. The support is the trace behind it.,workflow-principle,https://www.capveri.com/resources/pro-rata-share-calculation,post_body_statement_reviewed_against_source,no
0137,2026-05-22-0600-cam-math-046.md,"The useful visual is simple: CAM number on one side; source, rule, and trace on the other.",workflow-principle,https://www.capveri.com/resources/pro-rata-share-calculation,post_body_statement_reviewed_against_source,no
0138,2026-05-22-0600-cam-math-046.md,"Use this as a first-pass control, then move exceptions into a separate queue.",workflow-principle,https://www.capveri.com/resources/pro-rata-share-calculation,post_body_statement_reviewed_against_source,no
0139,2026-05-22-0700-erp-workarounds-047.md,The fastest review of MRI export review starts with the source file.,workflow-principle,https://www.capveri.com/resources/export-cam-mri,post_body_statement_reviewed_against_source,no
0140,2026-05-22-0700-erp-workarounds-047.md,"Before billing, compare share type, billing pool, lease exclusions, and gross-up rules before statements go out.",workflow-principle,https://www.capveri.com/resources/export-cam-mri,post_body_statement_reviewed_against_source,no
0141,2026-05-22-0700-erp-workarounds-047.md,A tenant can be assigned to the right pool and still use the wrong denominator.,workflow-principle,https://www.capveri.com/resources/export-cam-mri,illustrative_example,yes
0142,2026-05-22-0800-war-stories-048.md,A review of pre-send QA belongs in CAM close before final billing.,workflow-principle,https://www.capveri.com/resources/cam-presend-checklist,post_body_statement_reviewed_against_source,no
0143,2026-05-22-0800-war-stories-048.md,1. Start with the lease rule. The best time to catch a CAM issue is before the tenant packet goes out.,workflow-principle,https://www.capveri.com/resources/cam-presend-checklist,post_body_statement_reviewed_against_source,no
0144,2026-05-22-0800-war-stories-048.md,"2. Check the source data. Run checks for pool membership, non-recoverable lines, gross-up, caps, and denominator changes.",workflow-principle,https://www.capveri.com/resources/cam-presend-checklist,post_body_statement_reviewed_against_source,no
0145,2026-05-22-0900-anti-integration-049.md,Export-based verification can expose drift in an otherwise clean CAM statement.,workflow-principle,https://www.capveri.com/resources/data-migration-off-excel,post_body_statement_reviewed_against_source,no
0146,2026-05-22-0900-anti-integration-049.md,"Before billing, use CSV, Excel, and PDF outputs as the input layer.",workflow-principle,https://www.capveri.com/resources/data-migration-off-excel,post_body_statement_reviewed_against_source,no
0147,2026-05-22-0900-anti-integration-049.md,"Keep Yardi or MRI as the system of record, then run an independent lease-term calculation beside it.",workflow-principle,https://www.capveri.com/resources/data-migration-off-excel,illustrative_example,yes
0148,2026-05-22-1000-cam-math-050.md,CapEx vs. OpEx: one small setup choice can change the tenant answer.,workflow-principle,https://www.capveri.com/resources/capex-detection-cam,post_body_statement_reviewed_against_source,no
0149,2026-05-22-1000-cam-math-050.md,"Before billing, compare repair accounts against descriptions that suggest upgrades or useful-life changes.",workflow-principle,https://www.capveri.com/resources/capex-detection-cam,post_body_statement_reviewed_against_source,no
0150,2026-05-22-1000-cam-math-050.md,The GL account name may say maintenance while the invoice description points to an improvement.,workflow-principle,https://www.capveri.com/resources/capex-detection-cam,illustrative_example,yes
0151,2026-05-22-1100-industry-news-051.md,BOMA 2024 belongs in review before the packet goes out.,workflow-principle,https://www.capveri.com/resources/boma-2024-implementation-guide,post_body_statement_reviewed_against_source,no
0152,2026-05-22-1100-industry-news-051.md,Input: measurement changes can affect pro-rata shares and billing support.,workflow-principle,https://www.capveri.com/resources/boma-2024-implementation-guide,post_body_statement_reviewed_against_source,no
0153,2026-05-22-1100-industry-news-051.md,Review step: review lease language before applying a new measurement standard.,workflow-principle,https://www.capveri.com/resources/boma-2024-implementation-guide,post_body_statement_reviewed_against_source,no
0154,2026-05-22-1200-cam-math-052.md,A review of management fees belongs in CAM close before final billing.,workflow-principle,https://www.capveri.com/resources/admin-fee-calculation-methods,post_body_statement_reviewed_against_source,no
0155,2026-05-22-1200-cam-math-052.md,1. Start with the lease rule. Management fees depend on the lease basis and any fee cap.,workflow-principle,https://www.capveri.com/resources/admin-fee-calculation-methods,post_body_statement_reviewed_against_source,no
0156,2026-05-22-1200-cam-math-052.md,"2. Check the source data. Verify whether the fee is calculated on gross rent, recoverable expenses, or another base.",workflow-principle,https://www.capveri.com/resources/admin-fee-calculation-methods,post_body_statement_reviewed_against_source,no
0157,2026-05-22-1300-erp-workarounds-053.md,The fastest review of RealPage export review starts with the source file.,workflow-principle,https://www.capveri.com/resources/export-cam-realpage,post_body_statement_reviewed_against_source,no
0158,2026-05-22-1300-erp-workarounds-053.md,"Before billing, confirm pool membership, exclusions, caps, and date range settings.",workflow-principle,https://www.capveri.com/resources/export-cam-realpage,post_body_statement_reviewed_against_source,no
0159,2026-05-22-1300-erp-workarounds-053.md,A reimbursement pool can include the right GL accounts but the wrong tenant allocation rule.,workflow-principle,https://www.capveri.com/resources/export-cam-realpage,illustrative_example,yes
0160,2026-05-22-1400-war-stories-054.md,"If the review for the calculation audit trail is hard to explain, the packet needs work.",workflow-principle,https://www.capveri.com/resources/self-audit-cam-billing,post_body_statement_reviewed_against_source,no
0161,2026-05-22-1400-war-stories-054.md,"Before billing, keep GL line, pool assignment, lease clause, factor, cap rule, and tenant allocation together.",workflow-principle,https://www.capveri.com/resources/self-audit-cam-billing,post_body_statement_reviewed_against_source,no
0162,2026-05-22-1400-war-stories-054.md,"If a tenant asks why their share changed, the answer should not require rebuilding the workbook.",workflow-principle,https://www.capveri.com/resources/self-audit-cam-billing,illustrative_example,yes
0163,2026-05-22-1500-cam-math-055.md,Gross-up factor deserves a source check before anyone formats the packet.,workflow-principle,https://www.capveri.com/resources/cam-gross-up-calculation-guide,post_body_statement_reviewed_against_source,no
0164,2026-05-22-1500-cam-math-055.md,Input: gross-up should apply to variable expenses only.,workflow-principle,https://www.capveri.com/resources/cam-gross-up-calculation-guide,post_body_statement_reviewed_against_source,no
0165,2026-05-22-1500-cam-math-055.md,Review: compare actual occupancy to the lease target before applying a factor.,workflow-principle,https://www.capveri.com/resources/cam-gross-up-calculation-guide,post_body_statement_reviewed_against_source,no
0166,2026-05-22-1600-anti-integration-056.md,The packet gets easier to review when deterministic CAM math is documented early.,workflow-principle,https://www.capveri.com/resources/deterministic-vs-ai-cam,post_body_statement_reviewed_against_source,no
0167,2026-05-22-1600-anti-integration-056.md,1. Start with the lease rule. Financial math should be deterministic and auditable.,workflow-principle,https://www.capveri.com/resources/deterministic-vs-ai-cam,post_body_statement_reviewed_against_source,no
0168,2026-05-22-1600-anti-integration-056.md,"2. Check the source data. Use rules, formulas, and source-backed inputs for allocations.",workflow-principle,https://www.capveri.com/resources/deterministic-vs-ai-cam,post_body_statement_reviewed_against_source,no
0169,2026-05-22-1700-founder-057.md,The part of CAM work that gets missed is usually upstream of the final statement.,workflow-principle,https://www.capveri.com/resources/multi-property-cam-workflow,post_body_statement_reviewed_against_source,no
0170,2026-05-22-1700-founder-057.md,"It is the setup behind the arithmetic. Prioritize what changed, what failed, what needs approval, and what is ready to send.",workflow-principle,https://www.capveri.com/resources/multi-property-cam-workflow,post_body_statement_reviewed_against_source,no
0171,2026-05-22-1700-founder-057.md,"CapVeri keeps export review, lease-term logic, and the calculation record in one review path.",product-positioning,https://www.capveri.com/resources/multi-property-cam-workflow,post_body_statement_reviewed_against_source,no
0172,2026-05-22-1800-cam-math-058.md,The quiet risk in CAM caps starts before the statement is formatted.,workflow-principle,https://www.capveri.com/resources/cam-expense-caps,post_body_statement_reviewed_against_source,no
0173,2026-05-22-1800-cam-math-058.md,"What to verify: confirm whether each cap is cumulative, non-cumulative, compounded, or fixed.",workflow-principle,https://www.capveri.com/resources/cam-expense-caps,post_body_statement_reviewed_against_source,no
0174,2026-05-22-1800-cam-math-058.md,What can go wrong: A 5 percent cap can behave very differently depending on whether unused cap room carries forward.,workflow-principle,https://www.capveri.com/resources/cam-expense-caps,illustrative_example,yes
0175,2026-05-22-1900-product-059.md,Spreadsheets and ERP setup screens can show the output.,workflow-principle,https://www.capveri.com/sample-report,post_body_statement_reviewed_against_source,no
0176,2026-05-22-1900-product-059.md,"CapVeri keeps the export, lease rule, exception, and tenant-level trace in one review path.",product-positioning,https://www.capveri.com/sample-report,post_body_statement_reviewed_against_source,no
0177,2026-05-22-1900-product-059.md,A gross-up finding should show the occupancy inputs and expense lines affected.,workflow-principle,https://www.capveri.com/sample-report,illustrative_example,yes
0178,2026-05-22-2000-engagement-060.md,What would make the next the pro-rata denominator review easier?,workflow-principle,https://www.capveri.com/resources/pro-rata-share-calculation,post_body_statement_reviewed_against_source,no
0179,2026-05-22-2000-engagement-060.md,A. Clearer GL detail,post-body-guidance,https://www.capveri.com/resources/pro-rata-share-calculation,post_body_statement_reviewed_against_source,no
0180,2026-05-22-2000-engagement-060.md,B. Better lease references,post-body-guidance,https://www.capveri.com/resources/pro-rata-share-calculation,post_body_statement_reviewed_against_source,no
0181,2026-05-23-0600-cam-math-061.md,The fastest review of the base-year stop starts with the source file.,workflow-principle,https://www.capveri.com/resources/base-year-expense-stop,post_body_statement_reviewed_against_source,no
0182,2026-05-23-0600-cam-math-061.md,"Before billing, normalize one-time items before using the base year as a benchmark.",workflow-principle,https://www.capveri.com/resources/base-year-expense-stop,post_body_statement_reviewed_against_source,no
0183,2026-05-23-0600-cam-math-061.md,Storm cleanup in the base year should not quietly lower recoveries for every later year.,workflow-principle,https://www.capveri.com/resources/base-year-expense-stop,illustrative_example,yes
0184,2026-05-23-0700-erp-workarounds-062.md,Here is the review path for GL export QA.,workflow-principle,https://www.capveri.com/resources/gl-analysis-explained,post_body_statement_reviewed_against_source,no
0185,2026-05-23-0700-erp-workarounds-062.md,1. Start with the lease rule. An export can balance and still be incomplete for CAM work.,workflow-principle,https://www.capveri.com/resources/gl-analysis-explained,post_body_statement_reviewed_against_source,no
0186,2026-05-23-0700-erp-workarounds-062.md,"2. Check the source data. Check date filters, accrual timing, entity scope, and excluded accounts.",workflow-principle,https://www.capveri.com/resources/gl-analysis-explained,post_body_statement_reviewed_against_source,no
0187,2026-05-23-0800-war-stories-063.md,Waiting until an auditor asks for support usually creates more work than assembling it up front.,workflow-principle,https://www.capveri.com/resources/landlord-cam-audit-defense-playbook,post_body_statement_reviewed_against_source,no
0188,2026-05-23-0800-war-stories-063.md,"The useful visual is simple: CAM number on one side; source, rule, and trace on the other.",workflow-principle,https://www.capveri.com/resources/landlord-cam-audit-defense-playbook,post_body_statement_reviewed_against_source,no
0189,2026-05-23-0800-war-stories-063.md,Keep the backup simple enough for someone outside accounting to follow.,workflow-principle,https://www.capveri.com/resources/landlord-cam-audit-defense-playbook,post_body_statement_reviewed_against_source,no
0190,2026-05-23-0900-anti-integration-064.md,Start with spreadsheet risk.,workflow-principle,https://www.capveri.com/resources/data-migration-off-excel,post_body_statement_reviewed_against_source,no
0191,2026-05-23-0900-anti-integration-064.md,"Lease rule: Excel is flexible, but flexibility can hide broken assumptions.",workflow-principle,https://www.capveri.com/resources/data-migration-off-excel,post_body_statement_reviewed_against_source,no
0192,2026-05-23-0900-anti-integration-064.md,"Source file: check hard-coded factors, copied formulas, hidden tabs, and stale denominators.",workflow-principle,https://www.capveri.com/resources/data-migration-off-excel,post_body_statement_reviewed_against_source,no
0193,2026-05-23-1000-cam-math-065.md,Watch the pro-rata denominator when the denominator changes.,workflow-principle,https://www.capveri.com/resources/pro-rata-share-calculation,post_body_statement_reviewed_against_source,no
0194,2026-05-23-1000-cam-math-065.md,"Before billing, match the denominator to the lease, not just the building setup screen.",workflow-principle,https://www.capveri.com/resources/pro-rata-share-calculation,post_body_statement_reviewed_against_source,no
0195,2026-05-23-1000-cam-math-065.md,"Building RSF, occupied RSF, floor RSF, and pool RSF can all produce different percentages.",workflow-principle,https://www.capveri.com/resources/pro-rata-share-calculation,illustrative_example,yes
0196,2026-05-23-1100-industry-news-066.md,Check California SB 1103 before the packet leaves accounting.,workflow-principle,https://www.capveri.com/resources/sb-1103-compliance,post_body_statement_reviewed_against_source,no
0197,2026-05-23-1100-industry-news-066.md,"Before billing, separate legal interpretation from accounting support and keep the source documentation ready.",workflow-principle,https://www.capveri.com/resources/sb-1103-compliance,post_body_statement_reviewed_against_source,no
0198,2026-05-23-1100-industry-news-066.md,A disclosure obligation is much easier to handle when the GL export and allocation logic are already organized.,workflow-principle,https://www.capveri.com/resources/sb-1103-compliance,illustrative_example,yes
0199,2026-05-23-1200-cam-math-067.md,A review of CapEx vs. OpEx belongs in CAM close before final billing.,workflow-principle,https://www.capveri.com/resources/capex-detection-cam,post_body_statement_reviewed_against_source,no
0200,2026-05-23-1200-cam-math-067.md,1. Start with the lease rule. Capital projects need separate recoverability review before they enter a CAM pool.,workflow-principle,https://www.capveri.com/resources/capex-detection-cam,post_body_statement_reviewed_against_source,no
0201,2026-05-23-1200-cam-math-067.md,2. Check the source data. Look for capitalization clues before the line enters a recoverable pool.,workflow-principle,https://www.capveri.com/resources/capex-detection-cam,post_body_statement_reviewed_against_source,no
0202,2026-05-23-1300-erp-workarounds-068.md,"When the Yardi export settings changes, the tenant note should change with it.",workflow-principle,https://www.capveri.com/resources/export-cam-yardi-voyager,post_body_statement_reviewed_against_source,no
0203,2026-05-23-1300-erp-workarounds-068.md,Input: Yardi can be the system of record without being the only calculation check.,workflow-principle,https://www.capveri.com/resources/export-cam-yardi-voyager,post_body_statement_reviewed_against_source,no
0204,2026-05-23-1300-erp-workarounds-068.md,"Review: review recovery pool, share type, gross-up, cap, and exclusion settings against the lease.",workflow-principle,https://www.capveri.com/resources/export-cam-yardi-voyager,post_body_statement_reviewed_against_source,no
0205,2026-05-23-1400-war-stories-069.md,A tenant question about tenant dispute prep should not require rebuilding the workbook.,workflow-principle,https://www.capveri.com/resources/tenant-cam-dispute,post_body_statement_reviewed_against_source,no
0206,2026-05-23-1400-war-stories-069.md,"Before billing, review the lines tenants are most likely to question before the packet is sent.",workflow-principle,https://www.capveri.com/resources/tenant-cam-dispute,post_body_statement_reviewed_against_source,no
0207,2026-05-23-1400-war-stories-069.md,"Taxes, insurance, management fees, CapEx, and administrative charges need especially clear support.",workflow-principle,https://www.capveri.com/resources/tenant-cam-dispute,illustrative_example,yes
0208,2026-05-23-1500-cam-math-070.md,Watch management fees before final billing.,workflow-principle,https://www.capveri.com/resources/admin-fee-calculation-methods,post_body_statement_reviewed_against_source,no
0209,2026-05-23-1500-cam-math-070.md,"Before billing, verify whether the fee is calculated on gross rent, recoverable expenses, or another base.",workflow-principle,https://www.capveri.com/resources/admin-fee-calculation-methods,post_body_statement_reviewed_against_source,no
0210,2026-05-23-1500-cam-math-070.md,Applying a fee to an expense pool that already includes the fee can create circular math.,workflow-principle,https://www.capveri.com/resources/admin-fee-calculation-methods,illustrative_example,yes
0211,2026-05-23-1600-anti-integration-071.md,Start with export-based verification.,workflow-principle,https://www.capveri.com/resources/data-migration-off-excel,post_body_statement_reviewed_against_source,no
0212,2026-05-23-1600-anti-integration-071.md,Lease rule: CAM verification can work from exports without replacing the ERP.,workflow-principle,https://www.capveri.com/resources/data-migration-off-excel,post_body_statement_reviewed_against_source,no
0213,2026-05-23-1600-anti-integration-071.md,"Source file: use CSV, Excel, and PDF outputs as the input layer.",workflow-principle,https://www.capveri.com/resources/data-migration-off-excel,post_body_statement_reviewed_against_source,no
0214,2026-05-23-1700-founder-072.md,A cleaner CAM process starts before the PDF packet exists.,workflow-principle,https://www.capveri.com/resources/year-end-close-checklist-cam,post_body_statement_reviewed_against_source,no
0215,2026-05-23-1700-founder-072.md,"It is the setup behind the arithmetic. Reserve time for export QA, lease-rule review, exception resolution, and packet assembly.",workflow-principle,https://www.capveri.com/resources/year-end-close-checklist-cam,post_body_statement_reviewed_against_source,no
0216,2026-05-23-1700-founder-072.md,"CapVeri keeps export review, lease-term logic, and the calculation record in one review path.",product-positioning,https://www.capveri.com/resources/year-end-close-checklist-cam,post_body_statement_reviewed_against_source,no
0217,2026-05-23-1800-cam-math-073.md,Gross-up factor can expose drift in an otherwise clean CAM statement.,workflow-principle,https://www.capveri.com/resources/cam-gross-up-calculation-guide,post_body_statement_reviewed_against_source,no
0218,2026-05-23-1800-cam-math-073.md,"Before billing, compare actual occupancy to the lease target before applying a factor.",workflow-principle,https://www.capveri.com/resources/cam-gross-up-calculation-guide,post_body_statement_reviewed_against_source,no
0219,2026-05-23-1800-cam-math-073.md,"If actual occupancy is already at or above the target, the factor should be 1.0.",workflow-principle,https://www.capveri.com/resources/cam-gross-up-calculation-guide,illustrative_example,yes
0220,2026-05-23-1900-product-074.md,What would make the next the CapVeri trace review easier?,product-positioning,https://www.capveri.com/product-tour,post_body_statement_reviewed_against_source,no
0221,2026-05-23-1900-product-074.md,A. Clearer GL detail,post-body-guidance,https://www.capveri.com/product-tour,post_body_statement_reviewed_against_source,no
0222,2026-05-23-1900-product-074.md,B. Better lease references,post-body-guidance,https://www.capveri.com/product-tour,post_body_statement_reviewed_against_source,no
0223,2026-05-23-2000-engagement-075.md,Which part of CapEx vs. OpEx creates the most back-and-forth during close?,workflow-principle,https://www.capveri.com/resources/capex-detection-cam,post_body_statement_reviewed_against_source,no
0224,2026-05-23-2000-engagement-075.md,"The math, the source data, the lease interpretation, or the tenant packet support?",workflow-principle,https://www.capveri.com/resources/capex-detection-cam,post_body_statement_reviewed_against_source,no
0225,2026-05-23-2000-engagement-075.md,"The cleanest fix is usually a better source note, not a longer explanation.",workflow-principle,https://www.capveri.com/resources/capex-detection-cam,post_body_statement_reviewed_against_source,no
0226,2026-05-24-0600-cam-math-076.md,CAM caps: one small setup choice can change the tenant answer.,workflow-principle,https://www.capveri.com/resources/cam-expense-caps,post_body_statement_reviewed_against_source,no
0227,2026-05-24-0600-cam-math-076.md,"Before billing, confirm whether each cap is cumulative, non-cumulative, compounded, or fixed.",workflow-principle,https://www.capveri.com/resources/cam-expense-caps,post_body_statement_reviewed_against_source,no
0228,2026-05-24-0600-cam-math-076.md,A 5 percent cap can behave very differently depending on whether unused cap room carries forward.,workflow-principle,https://www.capveri.com/resources/cam-expense-caps,illustrative_example,yes
0229,2026-05-24-0700-erp-workarounds-077.md,MRI export review should leave a trail a second reviewer can follow.,workflow-principle,https://www.capveri.com/resources/export-cam-mri,post_body_statement_reviewed_against_source,no
0230,2026-05-24-0700-erp-workarounds-077.md,1. Start with the lease rule. MRI recovery billing still needs lease-level QA.,workflow-principle,https://www.capveri.com/resources/export-cam-mri,post_body_statement_reviewed_against_source,no
0231,2026-05-24-0700-erp-workarounds-077.md,"2. Check the source data. Compare share type, billing pool, lease exclusions, and gross-up rules before statements go out.",workflow-principle,https://www.capveri.com/resources/export-cam-mri,post_body_statement_reviewed_against_source,no
0232,2026-05-24-0800-war-stories-078.md,The fastest review of pre-send QA starts with the source file.,workflow-principle,https://www.capveri.com/resources/cam-presend-checklist,post_body_statement_reviewed_against_source,no
0233,2026-05-24-0800-war-stories-078.md,"Before billing, run checks for pool membership, non-recoverable lines, gross-up, caps, and denominator changes.",workflow-principle,https://www.capveri.com/resources/cam-presend-checklist,post_body_statement_reviewed_against_source,no
0234,2026-05-24-0800-war-stories-078.md,One excluded GL account caught before billing is cleaner than a revised statement after billing.,workflow-principle,https://www.capveri.com/resources/cam-presend-checklist,illustrative_example,yes
0235,2026-05-24-0900-anti-integration-079.md,The quiet risk in deterministic CAM math starts before the statement is formatted.,workflow-principle,https://www.capveri.com/resources/deterministic-vs-ai-cam,post_body_statement_reviewed_against_source,no
0236,2026-05-24-0900-anti-integration-079.md,"What to verify: use rules, formulas, and source-backed inputs for allocations.",workflow-principle,https://www.capveri.com/resources/deterministic-vs-ai-cam,post_body_statement_reviewed_against_source,no
0237,2026-05-24-0900-anti-integration-079.md,"What can go wrong: AI can help read a document, but the charge calculation should come from explicit lease terms.",workflow-principle,https://www.capveri.com/resources/deterministic-vs-ai-cam,illustrative_example,yes
0238,2026-05-24-1000-cam-math-080.md,A tenant question about the base-year stop should not require rebuilding the workbook.,workflow-principle,https://www.capveri.com/resources/base-year-expense-stop,post_body_statement_reviewed_against_source,no
0239,2026-05-24-1000-cam-math-080.md,"Before billing, normalize one-time items before using the base year as a benchmark.",workflow-principle,https://www.capveri.com/resources/base-year-expense-stop,post_body_statement_reviewed_against_source,no
0240,2026-05-24-1000-cam-math-080.md,Storm cleanup in the base year should not quietly lower recoveries for every later year.,workflow-principle,https://www.capveri.com/resources/base-year-expense-stop,illustrative_example,yes
0241,2026-05-24-1100-industry-news-081.md,"Tax lines are often high-dollar, so weak support gets noticed.",workflow-principle,https://www.capveri.com/resources/real-estate-tax-reconciliation,post_body_statement_reviewed_against_source,no
0242,2026-05-24-1100-industry-news-081.md,"The useful visual is simple: CAM number on one side; source, rule, and trace on the other.",workflow-principle,https://www.capveri.com/resources/real-estate-tax-reconciliation,post_body_statement_reviewed_against_source,no
0243,2026-05-24-1100-industry-news-081.md,The goal is not more backup. The goal is backup that points to the answer.,workflow-principle,https://www.capveri.com/resources/real-estate-tax-reconciliation,post_body_statement_reviewed_against_source,no
0244,2026-05-24-1200-cam-math-082.md,A review of the pro-rata denominator belongs in CAM close before final billing.,workflow-principle,https://www.capveri.com/resources/pro-rata-share-calculation,post_body_statement_reviewed_against_source,no
0245,2026-05-24-1200-cam-math-082.md,1. Start with the lease rule. A tenant share is only as reliable as the denominator behind it.,workflow-principle,https://www.capveri.com/resources/pro-rata-share-calculation,post_body_statement_reviewed_against_source,no
0246,2026-05-24-1200-cam-math-082.md,"2. Check the source data. Match the denominator to the lease, not just the building setup screen.",workflow-principle,https://www.capveri.com/resources/pro-rata-share-calculation,post_body_statement_reviewed_against_source,no
0247,2026-05-24-1300-erp-workarounds-083.md,RealPage export review: one small setup choice can change the tenant answer.,workflow-principle,https://www.capveri.com/resources/export-cam-realpage,post_body_statement_reviewed_against_source,no
0248,2026-05-24-1300-erp-workarounds-083.md,"Before billing, confirm pool membership, exclusions, caps, and date range settings.",workflow-principle,https://www.capveri.com/resources/export-cam-realpage,post_body_statement_reviewed_against_source,no
0249,2026-05-24-1300-erp-workarounds-083.md,A reimbursement pool can include the right GL accounts but the wrong tenant allocation rule.,workflow-principle,https://www.capveri.com/resources/export-cam-realpage,illustrative_example,yes
0250,2026-05-24-1400-war-stories-084.md,The packet is not ready until the calculation audit trail is tied back to the source.,workflow-principle,https://www.capveri.com/resources/self-audit-cam-billing,post_body_statement_reviewed_against_source,no
0251,2026-05-24-1400-war-stories-084.md,Rule: a calculation audit trail connects each output back to its source.,workflow-principle,https://www.capveri.com/resources/self-audit-cam-billing,post_body_statement_reviewed_against_source,no
0252,2026-05-24-1400-war-stories-084.md,"Check: keep GL line, pool assignment, lease clause, factor, cap rule, and tenant allocation together.",workflow-principle,https://www.capveri.com/resources/self-audit-cam-billing,post_body_statement_reviewed_against_source,no
0253,2026-05-24-1500-cam-math-085.md,A tenant question about CapEx vs. OpEx should not require rebuilding the workbook.,workflow-principle,https://www.capveri.com/resources/capex-detection-cam,post_body_statement_reviewed_against_source,no
0254,2026-05-24-1500-cam-math-085.md,"Before billing, look for capitalization clues before the line enters a recoverable pool.",workflow-principle,https://www.capveri.com/resources/capex-detection-cam,post_body_statement_reviewed_against_source,no
0255,2026-05-24-1500-cam-math-085.md,A repairs account can include invoices that deserve a capital-project check.,workflow-principle,https://www.capveri.com/resources/capex-detection-cam,illustrative_example,yes
0256,2026-05-24-1600-anti-integration-086.md,Spreadsheet risk should leave a trail a second reviewer can follow.,workflow-principle,https://www.capveri.com/resources/data-migration-off-excel,post_body_statement_reviewed_against_source,no
0257,2026-05-24-1600-anti-integration-086.md,"1. Start with the lease rule. Excel is flexible, but flexibility can hide broken assumptions.",workflow-principle,https://www.capveri.com/resources/data-migration-off-excel,post_body_statement_reviewed_against_source,no
0258,2026-05-24-1600-anti-integration-086.md,"2. Check the source data. Check hard-coded factors, copied formulas, hidden tabs, and stale denominators.",workflow-principle,https://www.capveri.com/resources/data-migration-off-excel,post_body_statement_reviewed_against_source,no
0259,2026-05-24-1700-founder-087.md,Start with the controller workflow.,workflow-principle,https://www.capveri.com/resources/multi-property-cam-workflow,post_body_statement_reviewed_against_source,no
0260,2026-05-24-1700-founder-087.md,Lease rule: controllers need exception visibility before they need prettier statements.,workflow-principle,https://www.capveri.com/resources/multi-property-cam-workflow,post_body_statement_reviewed_against_source,no
0261,2026-05-24-1700-founder-087.md,"Source file: prioritize what changed, what failed, what needs approval, and what is ready to send.",workflow-principle,https://www.capveri.com/resources/multi-property-cam-workflow,post_body_statement_reviewed_against_source,no
0262,2026-05-24-1800-cam-math-088.md,"If the review for management fees is hard to explain, the packet needs work.",workflow-principle,https://www.capveri.com/resources/admin-fee-calculation-methods,post_body_statement_reviewed_against_source,no
0263,2026-05-24-1800-cam-math-088.md,"Before billing, verify whether the fee is calculated on gross rent, recoverable expenses, or another base.",workflow-principle,https://www.capveri.com/resources/admin-fee-calculation-methods,post_body_statement_reviewed_against_source,no
0264,2026-05-24-1800-cam-math-088.md,Applying a fee to an expense pool that already includes the fee can create circular math.,workflow-principle,https://www.capveri.com/resources/admin-fee-calculation-methods,illustrative_example,yes
0265,2026-05-24-1900-product-089.md,Where do tenant questions about the sample report usually start?,workflow-principle,https://www.capveri.com/sample-report,post_body_statement_reviewed_against_source,no
0266,2026-05-24-1900-product-089.md,A. Taxes and insurance,post-body-guidance,https://www.capveri.com/sample-report,post_body_statement_reviewed_against_source,no
0267,2026-05-24-1900-product-089.md,B. Management fees,post-body-guidance,https://www.capveri.com/sample-report,post_body_statement_reviewed_against_source,no
0268,2026-05-24-2000-engagement-090.md,Where does the handoff around management fees lose the most context?,workflow-principle,https://www.capveri.com/resources/admin-fee-calculation-methods,post_body_statement_reviewed_against_source,no
0269,2026-05-24-2000-engagement-090.md,"The math, the source data, the lease interpretation, or the tenant packet support?",workflow-principle,https://www.capveri.com/resources/admin-fee-calculation-methods,post_body_statement_reviewed_against_source,no
0270,2026-05-24-2000-engagement-090.md,Save the setup screenshot or export parameter while the file is still open.,workflow-principle,https://www.capveri.com/resources/admin-fee-calculation-methods,post_body_statement_reviewed_against_source,no
0271,2026-05-25-0600-cam-math-091.md,CAM teams do not need more ceremony. They need better checks around the gross-up factor.,workflow-principle,https://www.capveri.com/resources/cam-gross-up-calculation-guide,post_body_statement_reviewed_against_source,no
0272,2026-05-25-0600-cam-math-091.md,1. Start with the lease rule. Gross-up should apply to variable expenses only.,workflow-principle,https://www.capveri.com/resources/cam-gross-up-calculation-guide,post_body_statement_reviewed_against_source,no
0273,2026-05-25-0600-cam-math-091.md,2. Check the source data. Compare actual occupancy to the lease target before applying a factor.,workflow-principle,https://www.capveri.com/resources/cam-gross-up-calculation-guide,post_body_statement_reviewed_against_source,no
0274,2026-05-25-0700-erp-workarounds-092.md,GL export QA can expose drift in an otherwise clean CAM statement.,workflow-principle,https://www.capveri.com/resources/gl-analysis-explained,post_body_statement_reviewed_against_source,no
0275,2026-05-25-0700-erp-workarounds-092.md,"Before billing, check date filters, accrual timing, entity scope, and excluded accounts.",workflow-principle,https://www.capveri.com/resources/gl-analysis-explained,post_body_statement_reviewed_against_source,no
0276,2026-05-25-0700-erp-workarounds-092.md,A late-posted accrual can be outside the export even when the report total ties to the ledger run.,workflow-principle,https://www.capveri.com/resources/gl-analysis-explained,illustrative_example,yes
0277,2026-05-25-0800-war-stories-093.md,The quiet risk in the audit defense packet starts before the statement is formatted.,workflow-principle,https://www.capveri.com/resources/landlord-cam-audit-defense-playbook,post_body_statement_reviewed_against_source,no
0278,2026-05-25-0800-war-stories-093.md,"What to verify: include source export, lease clause reference, calculation trace, and variance notes.",workflow-principle,https://www.capveri.com/resources/landlord-cam-audit-defense-playbook,post_body_statement_reviewed_against_source,no
0279,2026-05-25-0800-war-stories-093.md,"What can go wrong: A tenant asking about landscaping should see the GL lines, allocation basis, and exclusion review.",workflow-principle,https://www.capveri.com/resources/landlord-cam-audit-defense-playbook,illustrative_example,yes
0280,2026-05-25-0900-anti-integration-094.md,A tenant question about export-based verification should not require rebuilding the workbook.,workflow-principle,https://www.capveri.com/resources/data-migration-off-excel,post_body_statement_reviewed_against_source,no
0281,2026-05-25-0900-anti-integration-094.md,"Before billing, use CSV, Excel, and PDF outputs as the input layer.",workflow-principle,https://www.capveri.com/resources/data-migration-off-excel,post_body_statement_reviewed_against_source,no
0282,2026-05-25-0900-anti-integration-094.md,"Keep Yardi or MRI as the system of record, then run an independent lease-term calculation beside it.",workflow-principle,https://www.capveri.com/resources/data-migration-off-excel,illustrative_example,yes
0283,2026-05-25-1000-cam-math-095.md,"When CAM caps changes, the tenant note should change with it.",workflow-principle,https://www.capveri.com/resources/cam-expense-caps,post_body_statement_reviewed_against_source,no
0284,2026-05-25-1000-cam-math-095.md,Setup: caps only work when the base amount and cap type are recorded correctly.,workflow-principle,https://www.capveri.com/resources/cam-expense-caps,post_body_statement_reviewed_against_source,no
0285,2026-05-25-1000-cam-math-095.md,"Drift: confirm whether each cap is cumulative, non-cumulative, compounded, or fixed.",workflow-principle,https://www.capveri.com/resources/cam-expense-caps,post_body_statement_reviewed_against_source,no
0286,2026-05-25-1100-industry-news-096.md,The fastest review of BOMA 2024 starts with the source file.,workflow-principle,https://www.capveri.com/resources/boma-2024-implementation-guide,post_body_statement_reviewed_against_source,no
0287,2026-05-25-1100-industry-news-096.md,"Before billing, review lease language before applying a new measurement standard.",workflow-principle,https://www.capveri.com/resources/boma-2024-implementation-guide,post_body_statement_reviewed_against_source,no
0288,2026-05-25-1100-industry-news-096.md,A lease tied to a specific BOMA version may not behave like a lease that says standards as amended.,workflow-principle,https://www.capveri.com/resources/boma-2024-implementation-guide,illustrative_example,yes
0289,2026-05-25-1200-cam-math-097.md,A review of the base-year stop belongs in CAM close before final billing.,workflow-principle,https://www.capveri.com/resources/base-year-expense-stop,post_body_statement_reviewed_against_source,no
0290,2026-05-25-1200-cam-math-097.md,1. Start with the lease rule. Base-year leases compare current recoverable expenses against a baseline year.,workflow-principle,https://www.capveri.com/resources/base-year-expense-stop,post_body_statement_reviewed_against_source,no
0291,2026-05-25-1200-cam-math-097.md,2. Check the source data. Normalize one-time items before using the base year as a benchmark.,workflow-principle,https://www.capveri.com/resources/base-year-expense-stop,post_body_statement_reviewed_against_source,no
0292,2026-05-25-1300-erp-workarounds-098.md,Yardi export review: verify the source before you explain the number.,workflow-principle,https://www.capveri.com/resources/export-cam-yardi-voyager,post_body_statement_reviewed_against_source,no
0293,2026-05-25-1300-erp-workarounds-098.md,"The useful visual is simple: CAM number on one side; source, rule, and trace on the other.",workflow-principle,https://www.capveri.com/resources/export-cam-yardi-voyager,post_body_statement_reviewed_against_source,no
0294,2026-05-25-1300-erp-workarounds-098.md,"When the rule changes by tenant, do not let the portfolio default hide it.",workflow-principle,https://www.capveri.com/resources/export-cam-yardi-voyager,post_body_statement_reviewed_against_source,no
0295,2026-05-25-1400-war-stories-099.md,Check tenant dispute prep before the packet leaves accounting.,workflow-principle,https://www.capveri.com/resources/tenant-cam-dispute,post_body_statement_reviewed_against_source,no
0296,2026-05-25-1400-war-stories-099.md,"Before billing, review the lines tenants are most likely to question before the packet is sent.",workflow-principle,https://www.capveri.com/resources/tenant-cam-dispute,post_body_statement_reviewed_against_source,no
0297,2026-05-25-1400-war-stories-099.md,"Taxes, insurance, management fees, CapEx, and administrative charges need especially clear support.",workflow-principle,https://www.capveri.com/resources/tenant-cam-dispute,illustrative_example,yes
0298,2026-05-25-1500-cam-math-100.md,The quiet risk in the pro-rata denominator starts before the statement is formatted.,workflow-principle,https://www.capveri.com/resources/pro-rata-share-calculation,post_body_statement_reviewed_against_source,no
0299,2026-05-25-1500-cam-math-100.md,"What to verify: match the denominator to the lease, not just the building setup screen.",workflow-principle,https://www.capveri.com/resources/pro-rata-share-calculation,post_body_statement_reviewed_against_source,no
0300,2026-05-25-1500-cam-math-100.md,"What can go wrong: Building RSF, occupied RSF, floor RSF, and pool RSF can all produce different percentages.",workflow-principle,https://www.capveri.com/resources/pro-rata-share-calculation,illustrative_example,yes
0301,2026-05-25-1600-anti-integration-101.md,Watch deterministic CAM math in the tenant packet.,workflow-principle,https://www.capveri.com/resources/deterministic-vs-ai-cam,post_body_statement_reviewed_against_source,no
0302,2026-05-25-1600-anti-integration-101.md,"Before billing, use rules, formulas, and source-backed inputs for allocations.",workflow-principle,https://www.capveri.com/resources/deterministic-vs-ai-cam,post_body_statement_reviewed_against_source,no
0303,2026-05-25-1600-anti-integration-101.md,"AI can help read a document, but the charge calculation should come from explicit lease terms.",workflow-principle,https://www.capveri.com/resources/deterministic-vs-ai-cam,illustrative_example,yes
0304,2026-05-25-1700-founder-102.md,"The hard part is keeping the export, lease rule, and exception trail together.",workflow-principle,https://www.capveri.com/resources/year-end-close-checklist-cam,post_body_statement_reviewed_against_source,no
0305,2026-05-25-1700-founder-102.md,"It is the setup behind the arithmetic. Reserve time for export QA, lease-rule review, exception resolution, and packet assembly.",workflow-principle,https://www.capveri.com/resources/year-end-close-checklist-cam,post_body_statement_reviewed_against_source,no
0306,2026-05-25-1700-founder-102.md,"CapVeri keeps export review, lease-term logic, and the calculation record in one review path.",product-positioning,https://www.capveri.com/resources/year-end-close-checklist-cam,post_body_statement_reviewed_against_source,no
0307,2026-05-25-1800-cam-math-103.md,Which issue around CapEx vs. OpEx slows down CAM close the most?,workflow-principle,https://www.capveri.com/resources/capex-detection-cam,post_body_statement_reviewed_against_source,no
0308,2026-05-25-1800-cam-math-103.md,A. Missing source support,post-body-guidance,https://www.capveri.com/resources/capex-detection-cam,post_body_statement_reviewed_against_source,no
0309,2026-05-25-1800-cam-math-103.md,B. Lease-rule ambiguity,post-body-guidance,https://www.capveri.com/resources/capex-detection-cam,post_body_statement_reviewed_against_source,no
0310,2026-05-25-1900-product-104.md,Spreadsheets and ERP setup screens can show the output.,workflow-principle,https://www.capveri.com/product-tour,post_body_statement_reviewed_against_source,no
0311,2026-05-25-1900-product-104.md,"CapVeri keeps the export, lease rule, exception, and tenant-level trace in one review path.",product-positioning,https://www.capveri.com/product-tour,post_body_statement_reviewed_against_source,no
0312,2026-05-25-1900-product-104.md,"Upload the export, map the lease rules, then review tenant-level exceptions before statements go out.",workflow-principle,https://www.capveri.com/product-tour,illustrative_example,yes
0313,2026-05-25-2000-engagement-105.md,"If you could clean up one part of GL export QA before final billing, what would you choose?",workflow-principle,https://www.capveri.com/resources/gl-analysis-explained,post_body_statement_reviewed_against_source,no
0314,2026-05-25-2000-engagement-105.md,"The math, the source data, the lease interpretation, or the tenant packet support?",workflow-principle,https://www.capveri.com/resources/gl-analysis-explained,post_body_statement_reviewed_against_source,no
0315,2026-05-25-2000-engagement-105.md,"If the answer depends on a hidden workbook tab, move the support into the close file.",workflow-principle,https://www.capveri.com/resources/gl-analysis-explained,post_body_statement_reviewed_against_source,no
0316,2026-05-26-0600-cam-math-106.md,A tenant question about management fees should not require rebuilding the workbook.,workflow-principle,https://www.capveri.com/resources/admin-fee-calculation-methods,post_body_statement_reviewed_against_source,no
0317,2026-05-26-0600-cam-math-106.md,"Before billing, verify whether the fee is calculated on gross rent, recoverable expenses, or another base.",workflow-principle,https://www.capveri.com/resources/admin-fee-calculation-methods,post_body_statement_reviewed_against_source,no
0318,2026-05-26-0600-cam-math-106.md,Applying a fee to an expense pool that already includes the fee can create circular math.,workflow-principle,https://www.capveri.com/resources/admin-fee-calculation-methods,illustrative_example,yes
0319,2026-05-26-0700-erp-workarounds-107.md,The quiet risk in MRI export review starts before the statement is formatted.,workflow-principle,https://www.capveri.com/resources/export-cam-mri,post_body_statement_reviewed_against_source,no
0320,2026-05-26-0700-erp-workarounds-107.md,"What to verify: compare share type, billing pool, lease exclusions, and gross-up rules before statements go out.",workflow-principle,https://www.capveri.com/resources/export-cam-mri,post_body_statement_reviewed_against_source,no
0321,2026-05-26-0700-erp-workarounds-107.md,What can go wrong: A tenant can be assigned to the right pool and still use the wrong denominator.,workflow-principle,https://www.capveri.com/resources/export-cam-mri,illustrative_example,yes
0322,2026-05-26-0800-war-stories-108.md,Pre-send QA: one small setup choice can change the tenant answer.,workflow-principle,https://www.capveri.com/resources/cam-presend-checklist,post_body_statement_reviewed_against_source,no
0323,2026-05-26-0800-war-stories-108.md,"Before billing, run checks for pool membership, non-recoverable lines, gross-up, caps, and denominator changes.",workflow-principle,https://www.capveri.com/resources/cam-presend-checklist,post_body_statement_reviewed_against_source,no
0324,2026-05-26-0800-war-stories-108.md,One excluded GL account caught before billing is cleaner than a revised statement after billing.,workflow-principle,https://www.capveri.com/resources/cam-presend-checklist,illustrative_example,yes
0325,2026-05-26-0900-anti-integration-109.md,The packet gets easier to review when spreadsheet risk is documented early.,workflow-principle,https://www.capveri.com/resources/data-migration-off-excel,post_body_statement_reviewed_against_source,no
0326,2026-05-26-0900-anti-integration-109.md,"1. Start with the lease rule. Excel is flexible, but flexibility can hide broken assumptions.",workflow-principle,https://www.capveri.com/resources/data-migration-off-excel,post_body_statement_reviewed_against_source,no
0327,2026-05-26-0900-anti-integration-109.md,"2. Check the source data. Check hard-coded factors, copied formulas, hidden tabs, and stale denominators.",workflow-principle,https://www.capveri.com/resources/data-migration-off-excel,post_body_statement_reviewed_against_source,no
0328,2026-05-26-1000-cam-math-110.md,Gross-up factor can expose drift in an otherwise clean CAM statement.,workflow-principle,https://www.capveri.com/resources/cam-gross-up-calculation-guide,post_body_statement_reviewed_against_source,no
0329,2026-05-26-1000-cam-math-110.md,"Before billing, compare actual occupancy to the lease target before applying a factor.",workflow-principle,https://www.capveri.com/resources/cam-gross-up-calculation-guide,post_body_statement_reviewed_against_source,no
0330,2026-05-26-1000-cam-math-110.md,"If actual occupancy is already at or above the target, the factor should be 1.0.",workflow-principle,https://www.capveri.com/resources/cam-gross-up-calculation-guide,illustrative_example,yes
0331,2026-05-26-1100-industry-news-111.md,"Before you send the CAM packet, check California SB 1103.",workflow-principle,https://www.capveri.com/resources/sb-1103-compliance,post_body_statement_reviewed_against_source,no
0332,2026-05-26-1100-industry-news-111.md,Setup: California SB 1103 makes operating-cost support more important for qualified commercial tenants.,workflow-principle,https://www.capveri.com/resources/sb-1103-compliance,post_body_statement_reviewed_against_source,no
0333,2026-05-26-1100-industry-news-111.md,Drift: separate legal interpretation from accounting support and keep the source documentation ready.,workflow-principle,https://www.capveri.com/resources/sb-1103-compliance,post_body_statement_reviewed_against_source,no
0334,2026-05-26-1200-cam-math-112.md,Watch CAM caps before final billing.,workflow-principle,https://www.capveri.com/resources/cam-expense-caps,post_body_statement_reviewed_against_source,no
0335,2026-05-26-1200-cam-math-112.md,"Before billing, confirm whether each cap is cumulative, non-cumulative, compounded, or fixed.",workflow-principle,https://www.capveri.com/resources/cam-expense-caps,post_body_statement_reviewed_against_source,no
0336,2026-05-26-1200-cam-math-112.md,A 5 percent cap can behave very differently depending on whether unused cap room carries forward.,workflow-principle,https://www.capveri.com/resources/cam-expense-caps,illustrative_example,yes
0337,2026-05-26-1300-erp-workarounds-113.md,Watch RealPage export review during close.,workflow-principle,https://www.capveri.com/resources/export-cam-realpage,post_body_statement_reviewed_against_source,no
0338,2026-05-26-1300-erp-workarounds-113.md,"Before billing, confirm pool membership, exclusions, caps, and date range settings.",workflow-principle,https://www.capveri.com/resources/export-cam-realpage,post_body_statement_reviewed_against_source,no
0339,2026-05-26-1300-erp-workarounds-113.md,A reimbursement pool can include the right GL accounts but the wrong tenant allocation rule.,workflow-principle,https://www.capveri.com/resources/export-cam-realpage,illustrative_example,yes
0340,2026-05-26-1400-war-stories-114.md,A review of the calculation audit trail belongs in CAM close before final billing.,workflow-principle,https://www.capveri.com/resources/self-audit-cam-billing,post_body_statement_reviewed_against_source,no
0341,2026-05-26-1400-war-stories-114.md,1. Start with the lease rule. A calculation audit trail connects each output back to its source.,workflow-principle,https://www.capveri.com/resources/self-audit-cam-billing,post_body_statement_reviewed_against_source,no
0342,2026-05-26-1400-war-stories-114.md,"2. Check the source data. Keep GL line, pool assignment, lease clause, factor, cap rule, and tenant allocation together.",workflow-principle,https://www.capveri.com/resources/self-audit-cam-billing,post_body_statement_reviewed_against_source,no
0343,2026-05-26-1500-cam-math-115.md,The quiet risk in the base-year stop starts before the statement is formatted.,workflow-principle,https://www.capveri.com/resources/base-year-expense-stop,post_body_statement_reviewed_against_source,no
0344,2026-05-26-1500-cam-math-115.md,What to verify: normalize one-time items before using the base year as a benchmark.,workflow-principle,https://www.capveri.com/resources/base-year-expense-stop,post_body_statement_reviewed_against_source,no
0345,2026-05-26-1500-cam-math-115.md,What can go wrong: Storm cleanup in the base year should not quietly lower recoveries for every later year.,workflow-principle,https://www.capveri.com/resources/base-year-expense-stop,illustrative_example,yes
0346,2026-05-26-1600-anti-integration-116.md,"If the review for export-based verification is hard to explain, the packet needs work.",workflow-principle,https://www.capveri.com/resources/data-migration-off-excel,post_body_statement_reviewed_against_source,no
0347,2026-05-26-1600-anti-integration-116.md,"Before billing, use CSV, Excel, and PDF outputs as the input layer.",workflow-principle,https://www.capveri.com/resources/data-migration-off-excel,post_body_statement_reviewed_against_source,no
0348,2026-05-26-1600-anti-integration-116.md,"Keep Yardi or MRI as the system of record, then run an independent lease-term calculation beside it.",workflow-principle,https://www.capveri.com/resources/data-migration-off-excel,illustrative_example,yes
0349,2026-05-26-1700-founder-117.md,"In CAM close, the final arithmetic is usually the easy part.",workflow-principle,https://www.capveri.com/resources/multi-property-cam-workflow,post_body_statement_reviewed_against_source,no
0350,2026-05-26-1700-founder-117.md,"It is the setup behind the arithmetic. Prioritize what changed, what failed, what needs approval, and what is ready to send.",workflow-principle,https://www.capveri.com/resources/multi-property-cam-workflow,post_body_statement_reviewed_against_source,no
0351,2026-05-26-1700-founder-117.md,"CapVeri keeps export review, lease-term logic, and the calculation record in one review path.",product-positioning,https://www.capveri.com/resources/multi-property-cam-workflow,post_body_statement_reviewed_against_source,no
0352,2026-05-26-1800-cam-math-118.md,Pro-rata denominator should leave a trail a second reviewer can follow.,workflow-principle,https://www.capveri.com/resources/pro-rata-share-calculation,post_body_statement_reviewed_against_source,no
0353,2026-05-26-1800-cam-math-118.md,1. Start with the lease rule. A tenant share is only as reliable as the denominator behind it.,workflow-principle,https://www.capveri.com/resources/pro-rata-share-calculation,post_body_statement_reviewed_against_source,no
0354,2026-05-26-1800-cam-math-118.md,"2. Check the source data. Match the denominator to the lease, not just the building setup screen.",workflow-principle,https://www.capveri.com/resources/pro-rata-share-calculation,post_body_statement_reviewed_against_source,no
0355,2026-05-26-1900-product-119.md,Sample report: verify the source before you explain the number.,workflow-principle,https://www.capveri.com/sample-report,post_body_statement_reviewed_against_source,no
0356,2026-05-26-1900-product-119.md,"The useful visual is simple: CAM number on one side; source, rule, and trace on the other.",workflow-principle,https://www.capveri.com/sample-report,post_body_statement_reviewed_against_source,no
0357,2026-05-26-1900-product-119.md,"If the backup lives outside the packet, add the reference before statements go out.",workflow-principle,https://www.capveri.com/sample-report,post_body_statement_reviewed_against_source,no
0358,2026-05-26-2000-engagement-120.md,Where do tenant questions about Yardi export review usually start?,workflow-principle,https://www.capveri.com/resources/export-cam-yardi-voyager,post_body_statement_reviewed_against_source,no
0359,2026-05-26-2000-engagement-120.md,A. Taxes and insurance,post-body-guidance,https://www.capveri.com/resources/export-cam-yardi-voyager,post_body_statement_reviewed_against_source,no
0360,2026-05-26-2000-engagement-120.md,B. Management fees,post-body-guidance,https://www.capveri.com/resources/export-cam-yardi-voyager,post_body_statement_reviewed_against_source,no
0361,2026-05-27-0600-cam-math-121.md,A GL account called repairs is not proof that every line is recoverable maintenance.,workflow-principle,https://www.capveri.com/resources/capex-detection-cam,post_body_statement_reviewed_against_source,no
0362,2026-05-27-0600-cam-math-121.md,"The useful visual is simple: CAM number on one side; source, rule, and trace on the other.",workflow-principle,https://www.capveri.com/resources/capex-detection-cam,post_body_statement_reviewed_against_source,no
0363,2026-05-27-0600-cam-math-121.md,"If the rule is portfolio-specific, name the portfolio policy in the file.",workflow-principle,https://www.capveri.com/resources/capex-detection-cam,post_body_statement_reviewed_against_source,no
0364,2026-05-27-0700-erp-workarounds-122.md,"If the review for GL export QA is hard to explain, the packet needs work.",workflow-principle,https://www.capveri.com/resources/gl-analysis-explained,post_body_statement_reviewed_against_source,no
0365,2026-05-27-0700-erp-workarounds-122.md,"Before billing, check date filters, accrual timing, entity scope, and excluded accounts.",workflow-principle,https://www.capveri.com/resources/gl-analysis-explained,post_body_statement_reviewed_against_source,no
0366,2026-05-27-0700-erp-workarounds-122.md,A late-posted accrual can be outside the export even when the report total ties to the ledger run.,workflow-principle,https://www.capveri.com/resources/gl-analysis-explained,illustrative_example,yes
0367,2026-05-27-0800-war-stories-123.md,A review of the audit defense packet belongs in CAM close before final billing.,workflow-principle,https://www.capveri.com/resources/landlord-cam-audit-defense-playbook,post_body_statement_reviewed_against_source,no
0368,2026-05-27-0800-war-stories-123.md,1. Start with the lease rule. Tenant questions are easier to answer when the packet already explains the math.,workflow-principle,https://www.capveri.com/resources/landlord-cam-audit-defense-playbook,post_body_statement_reviewed_against_source,no
0369,2026-05-27-0800-war-stories-123.md,"2. Check the source data. Include source export, lease clause reference, calculation trace, and variance notes.",workflow-principle,https://www.capveri.com/resources/landlord-cam-audit-defense-playbook,post_body_statement_reviewed_against_source,no
0370,2026-05-27-0900-anti-integration-124.md,Check deterministic CAM math before the packet leaves accounting.,workflow-principle,https://www.capveri.com/resources/deterministic-vs-ai-cam,post_body_statement_reviewed_against_source,no
0371,2026-05-27-0900-anti-integration-124.md,"Before billing, use rules, formulas, and source-backed inputs for allocations.",workflow-principle,https://www.capveri.com/resources/deterministic-vs-ai-cam,post_body_statement_reviewed_against_source,no
0372,2026-05-27-0900-anti-integration-124.md,"AI can help read a document, but the charge calculation should come from explicit lease terms.",workflow-principle,https://www.capveri.com/resources/deterministic-vs-ai-cam,illustrative_example,yes
0373,2026-05-27-1000-cam-math-125.md,"If the review for management fees is hard to explain, the packet needs work.",workflow-principle,https://www.capveri.com/resources/admin-fee-calculation-methods,post_body_statement_reviewed_against_source,no
0374,2026-05-27-1000-cam-math-125.md,"Before billing, verify whether the fee is calculated on gross rent, recoverable expenses, or another base.",workflow-principle,https://www.capveri.com/resources/admin-fee-calculation-methods,post_body_statement_reviewed_against_source,no
0375,2026-05-27-1000-cam-math-125.md,Applying a fee to an expense pool that already includes the fee can create circular math.,workflow-principle,https://www.capveri.com/resources/admin-fee-calculation-methods,illustrative_example,yes
0376,2026-05-27-1100-industry-news-126.md,Property tax pass-throughs belongs in review before the packet goes out.,workflow-principle,https://www.capveri.com/resources/real-estate-tax-reconciliation,post_body_statement_reviewed_against_source,no
0377,2026-05-27-1100-industry-news-126.md,Input: tax pass-throughs can move tenant charges quickly.,workflow-principle,https://www.capveri.com/resources/real-estate-tax-reconciliation,post_body_statement_reviewed_against_source,no
0378,2026-05-27-1100-industry-news-126.md,"Review step: separate assessment changes, refunds, appeals, and prior-year adjustments.",workflow-principle,https://www.capveri.com/resources/real-estate-tax-reconciliation,post_body_statement_reviewed_against_source,no
0379,2026-05-27-1200-cam-math-127.md,A review of the gross-up factor belongs in CAM close before final billing.,workflow-principle,https://www.capveri.com/resources/cam-gross-up-calculation-guide,post_body_statement_reviewed_against_source,no
0380,2026-05-27-1200-cam-math-127.md,1. Start with the lease rule. Gross-up should apply to variable expenses only.,workflow-principle,https://www.capveri.com/resources/cam-gross-up-calculation-guide,post_body_statement_reviewed_against_source,no
0381,2026-05-27-1200-cam-math-127.md,2. Check the source data. Compare actual occupancy to the lease target before applying a factor.,workflow-principle,https://www.capveri.com/resources/cam-gross-up-calculation-guide,post_body_statement_reviewed_against_source,no
0382,2026-05-27-1300-erp-workarounds-128.md,"If the review for Yardi export review is hard to explain, the packet needs work.",workflow-principle,https://www.capveri.com/resources/export-cam-yardi-voyager,post_body_statement_reviewed_against_source,no
0383,2026-05-27-1300-erp-workarounds-128.md,"Before billing, review recovery pool, share type, gross-up, cap, and exclusion settings against the lease.",workflow-principle,https://www.capveri.com/resources/export-cam-yardi-voyager,post_body_statement_reviewed_against_source,no
0384,2026-05-27-1300-erp-workarounds-128.md,The report can run cleanly while one tenant uses the wrong share type.,workflow-principle,https://www.capveri.com/resources/export-cam-yardi-voyager,illustrative_example,yes
0385,2026-05-27-1400-war-stories-129.md,Tenant disputes can expose drift in an otherwise clean CAM statement.,workflow-principle,https://www.capveri.com/resources/tenant-cam-dispute,post_body_statement_reviewed_against_source,no
0386,2026-05-27-1400-war-stories-129.md,"Before billing, review the lines tenants are most likely to question before the packet is sent.",workflow-principle,https://www.capveri.com/resources/tenant-cam-dispute,post_body_statement_reviewed_against_source,no
0387,2026-05-27-1400-war-stories-129.md,"Taxes, insurance, management fees, CapEx, and administrative charges need especially clear support.",workflow-principle,https://www.capveri.com/resources/tenant-cam-dispute,illustrative_example,yes
0388,2026-05-27-1500-cam-math-130.md,A clean close file shows how CAM caps moved from source to tenant answer.,workflow-principle,https://www.capveri.com/resources/cam-expense-caps,post_body_statement_reviewed_against_source,no
0389,2026-05-27-1500-cam-math-130.md,Input: caps only work when the base amount and cap type are recorded correctly.,workflow-principle,https://www.capveri.com/resources/cam-expense-caps,post_body_statement_reviewed_against_source,no
0390,2026-05-27-1500-cam-math-130.md,"Review: confirm whether each cap is cumulative, non-cumulative, compounded, or fixed.",workflow-principle,https://www.capveri.com/resources/cam-expense-caps,post_body_statement_reviewed_against_source,no
0391,2026-05-27-1600-anti-integration-131.md,The packet gets easier to review when spreadsheet risk is documented early.,workflow-principle,https://www.capveri.com/resources/data-migration-off-excel,post_body_statement_reviewed_against_source,no
0392,2026-05-27-1600-anti-integration-131.md,"1. Start with the lease rule. Excel is flexible, but flexibility can hide broken assumptions.",workflow-principle,https://www.capveri.com/resources/data-migration-off-excel,post_body_statement_reviewed_against_source,no
0393,2026-05-27-1600-anti-integration-131.md,"2. Check the source data. Check hard-coded factors, copied formulas, hidden tabs, and stale denominators.",workflow-principle,https://www.capveri.com/resources/data-migration-off-excel,post_body_statement_reviewed_against_source,no
0394,2026-05-27-1700-founder-132.md,The part of CAM work that gets missed is usually upstream of the final statement.,workflow-principle,https://www.capveri.com/resources/year-end-close-checklist-cam,post_body_statement_reviewed_against_source,no
0395,2026-05-27-1700-founder-132.md,"It is the setup behind the arithmetic. Reserve time for export QA, lease-rule review, exception resolution, and packet assembly.",workflow-principle,https://www.capveri.com/resources/year-end-close-checklist-cam,post_body_statement_reviewed_against_source,no
0396,2026-05-27-1700-founder-132.md,"CapVeri keeps export review, lease-term logic, and the calculation record in one review path.",product-positioning,https://www.capveri.com/resources/year-end-close-checklist-cam,post_body_statement_reviewed_against_source,no
0397,2026-05-27-1800-cam-math-133.md,The quiet risk in the base-year stop starts before the statement is formatted.,workflow-principle,https://www.capveri.com/resources/base-year-expense-stop,post_body_statement_reviewed_against_source,no
0398,2026-05-27-1800-cam-math-133.md,What to verify: normalize one-time items before using the base year as a benchmark.,workflow-principle,https://www.capveri.com/resources/base-year-expense-stop,post_body_statement_reviewed_against_source,no
0399,2026-05-27-1800-cam-math-133.md,What can go wrong: Storm cleanup in the base year should not quietly lower recoveries for every later year.,workflow-principle,https://www.capveri.com/resources/base-year-expense-stop,illustrative_example,yes
0400,2026-05-27-1900-product-134.md,Spreadsheets and ERP setup screens can show the output.,workflow-principle,https://www.capveri.com/product-tour,post_body_statement_reviewed_against_source,no
0401,2026-05-27-1900-product-134.md,"CapVeri keeps the export, lease rule, exception, and tenant-level trace in one review path.",product-positioning,https://www.capveri.com/product-tour,post_body_statement_reviewed_against_source,no
0402,2026-05-27-1900-product-134.md,"Upload the export, map the lease rules, then review tenant-level exceptions before statements go out.",workflow-principle,https://www.capveri.com/product-tour,illustrative_example,yes
0403,2026-05-27-2000-engagement-135.md,Which issue around MRI export review slows down CAM close the most?,workflow-principle,https://www.capveri.com/resources/export-cam-mri,post_body_statement_reviewed_against_source,no
0404,2026-05-27-2000-engagement-135.md,A. Missing source support,post-body-guidance,https://www.capveri.com/resources/export-cam-mri,post_body_statement_reviewed_against_source,no
0405,2026-05-27-2000-engagement-135.md,B. Lease-rule ambiguity,post-body-guidance,https://www.capveri.com/resources/export-cam-mri,post_body_statement_reviewed_against_source,no
0406,2026-05-28-0600-cam-math-136.md,Pro-rata denominator can expose drift in an otherwise clean CAM statement.,workflow-principle,https://www.capveri.com/resources/pro-rata-share-calculation,post_body_statement_reviewed_against_source,no
0407,2026-05-28-0600-cam-math-136.md,"Before billing, match the denominator to the lease, not just the building setup screen.",workflow-principle,https://www.capveri.com/resources/pro-rata-share-calculation,post_body_statement_reviewed_against_source,no
0408,2026-05-28-0600-cam-math-136.md,"Building RSF, occupied RSF, floor RSF, and pool RSF can all produce different percentages.",workflow-principle,https://www.capveri.com/resources/pro-rata-share-calculation,illustrative_example,yes
0409,2026-05-28-0700-erp-workarounds-137.md,Here is the review path for MRI export review.,workflow-principle,https://www.capveri.com/resources/export-cam-mri,post_body_statement_reviewed_against_source,no
0410,2026-05-28-0700-erp-workarounds-137.md,1. Start with the lease rule. MRI recovery billing still needs lease-level QA.,workflow-principle,https://www.capveri.com/resources/export-cam-mri,post_body_statement_reviewed_against_source,no
0411,2026-05-28-0700-erp-workarounds-137.md,"2. Check the source data. Compare share type, billing pool, lease exclusions, and gross-up rules before statements go out.",workflow-principle,https://www.capveri.com/resources/export-cam-mri,post_body_statement_reviewed_against_source,no
0412,2026-05-28-0800-war-stories-138.md,Pre-send QA: verify the source before you explain the number.,workflow-principle,https://www.capveri.com/resources/cam-presend-checklist,post_body_statement_reviewed_against_source,no
0413,2026-05-28-0800-war-stories-138.md,"The useful visual is simple: CAM number on one side; source, rule, and trace on the other.",workflow-principle,https://www.capveri.com/resources/cam-presend-checklist,post_body_statement_reviewed_against_source,no
0414,2026-05-28-0800-war-stories-138.md,The reviewer should be able to see what changed since the prior run.,workflow-principle,https://www.capveri.com/resources/cam-presend-checklist,post_body_statement_reviewed_against_source,no
0415,2026-05-28-0900-anti-integration-139.md,The quiet risk in export-based verification starts before the statement is formatted.,workflow-principle,https://www.capveri.com/resources/data-migration-off-excel,post_body_statement_reviewed_against_source,no
0416,2026-05-28-0900-anti-integration-139.md,"What to verify: use CSV, Excel, and PDF outputs as the input layer.",workflow-principle,https://www.capveri.com/resources/data-migration-off-excel,post_body_statement_reviewed_against_source,no
0417,2026-05-28-0900-anti-integration-139.md,"What can go wrong: Keep Yardi or MRI as the system of record, then run an independent lease-term calculation beside it.",workflow-principle,https://www.capveri.com/resources/data-migration-off-excel,illustrative_example,yes
0418,2026-05-28-1000-cam-math-140.md,The fastest review of CapEx vs. OpEx starts with the source file.,workflow-principle,https://www.capveri.com/resources/capex-detection-cam,post_body_statement_reviewed_against_source,no
0419,2026-05-28-1000-cam-math-140.md,"Before billing, compare repair accounts against descriptions that suggest upgrades or useful-life changes.",workflow-principle,https://www.capveri.com/resources/capex-detection-cam,post_body_statement_reviewed_against_source,no
0420,2026-05-28-1000-cam-math-140.md,The GL account name may say maintenance while the invoice description points to an improvement.,workflow-principle,https://www.capveri.com/resources/capex-detection-cam,illustrative_example,yes
0421,2026-05-28-1100-industry-news-141.md,BOMA 2024: one small setup choice can change the tenant answer.,workflow-principle,https://www.capveri.com/resources/boma-2024-implementation-guide,post_body_statement_reviewed_against_source,no
0422,2026-05-28-1100-industry-news-141.md,"Before billing, review lease language before applying a new measurement standard.",workflow-principle,https://www.capveri.com/resources/boma-2024-implementation-guide,post_body_statement_reviewed_against_source,no
0423,2026-05-28-1100-industry-news-141.md,A lease tied to a specific BOMA version may not behave like a lease that says standards as amended.,workflow-principle,https://www.capveri.com/resources/boma-2024-implementation-guide,illustrative_example,yes
0424,2026-05-28-1200-cam-math-142.md,A review of management fees belongs in CAM close before final billing.,workflow-principle,https://www.capveri.com/resources/admin-fee-calculation-methods,post_body_statement_reviewed_against_source,no
0425,2026-05-28-1200-cam-math-142.md,1. Start with the lease rule. Management fees depend on the lease basis and any fee cap.,workflow-principle,https://www.capveri.com/resources/admin-fee-calculation-methods,post_body_statement_reviewed_against_source,no
0426,2026-05-28-1200-cam-math-142.md,"2. Check the source data. Verify whether the fee is calculated on gross rent, recoverable expenses, or another base.",workflow-principle,https://www.capveri.com/resources/admin-fee-calculation-methods,post_body_statement_reviewed_against_source,no
0427,2026-05-28-1300-erp-workarounds-143.md,Review the RealPage export settings before statements go out.,workflow-principle,https://www.capveri.com/resources/export-cam-realpage,post_body_statement_reviewed_against_source,no
0428,2026-05-28-1300-erp-workarounds-143.md,Setup: RealPage exports should be checked against lease terms before allocation.,workflow-principle,https://www.capveri.com/resources/export-cam-realpage,post_body_statement_reviewed_against_source,no
0429,2026-05-28-1300-erp-workarounds-143.md,"Drift: confirm pool membership, exclusions, caps, and date range settings.",workflow-principle,https://www.capveri.com/resources/export-cam-realpage,post_body_statement_reviewed_against_source,no
0430,2026-05-28-1400-war-stories-144.md,Watch the calculation audit trail when a tenant asks for support.,workflow-principle,https://www.capveri.com/resources/self-audit-cam-billing,post_body_statement_reviewed_against_source,no
0431,2026-05-28-1400-war-stories-144.md,"Before billing, keep GL line, pool assignment, lease clause, factor, cap rule, and tenant allocation together.",workflow-principle,https://www.capveri.com/resources/self-audit-cam-billing,post_body_statement_reviewed_against_source,no
0432,2026-05-28-1400-war-stories-144.md,"If a tenant asks why their share changed, the answer should not require rebuilding the workbook.",workflow-principle,https://www.capveri.com/resources/self-audit-cam-billing,illustrative_example,yes
0433,2026-05-28-1500-cam-math-145.md,The fastest review of the gross-up factor starts with the source file.,workflow-principle,https://www.capveri.com/resources/cam-gross-up-calculation-guide,post_body_statement_reviewed_against_source,no
0434,2026-05-28-1500-cam-math-145.md,"Before billing, compare actual occupancy to the lease target before applying a factor.",workflow-principle,https://www.capveri.com/resources/cam-gross-up-calculation-guide,post_body_statement_reviewed_against_source,no
0435,2026-05-28-1500-cam-math-145.md,"If actual occupancy is already at or above the target, the factor should be 1.0.",workflow-principle,https://www.capveri.com/resources/cam-gross-up-calculation-guide,illustrative_example,yes
0436,2026-05-28-1600-anti-integration-146.md,The quiet risk in deterministic CAM math starts before the statement is formatted.,workflow-principle,https://www.capveri.com/resources/deterministic-vs-ai-cam,post_body_statement_reviewed_against_source,no
0437,2026-05-28-1600-anti-integration-146.md,"What to verify: use rules, formulas, and source-backed inputs for allocations.",workflow-principle,https://www.capveri.com/resources/deterministic-vs-ai-cam,post_body_statement_reviewed_against_source,no
0438,2026-05-28-1600-anti-integration-146.md,"What can go wrong: AI can help read a document, but the charge calculation should come from explicit lease terms.",workflow-principle,https://www.capveri.com/resources/deterministic-vs-ai-cam,illustrative_example,yes
0439,2026-05-28-1700-founder-147.md,A cleaner CAM process starts before the PDF packet exists.,workflow-principle,https://www.capveri.com/resources/multi-property-cam-workflow,post_body_statement_reviewed_against_source,no
0440,2026-05-28-1700-founder-147.md,"It is the setup behind the arithmetic. Prioritize what changed, what failed, what needs approval, and what is ready to send.",workflow-principle,https://www.capveri.com/resources/multi-property-cam-workflow,post_body_statement_reviewed_against_source,no
0441,2026-05-28-1700-founder-147.md,"CapVeri keeps export review, lease-term logic, and the calculation record in one review path.",product-positioning,https://www.capveri.com/resources/multi-property-cam-workflow,post_body_statement_reviewed_against_source,no
0442,2026-05-28-1800-cam-math-148.md,A tenant question about CAM caps should not require rebuilding the workbook.,workflow-principle,https://www.capveri.com/resources/cam-expense-caps,post_body_statement_reviewed_against_source,no
0443,2026-05-28-1800-cam-math-148.md,"Before billing, confirm whether each cap is cumulative, non-cumulative, compounded, or fixed.",workflow-principle,https://www.capveri.com/resources/cam-expense-caps,post_body_statement_reviewed_against_source,no
0444,2026-05-28-1800-cam-math-148.md,A 5 percent cap can behave very differently depending on whether unused cap room carries forward.,workflow-principle,https://www.capveri.com/resources/cam-expense-caps,illustrative_example,yes
0445,2026-05-28-1900-product-149.md,Which issue around the sample report slows down CAM close the most?,workflow-principle,https://www.capveri.com/sample-report,post_body_statement_reviewed_against_source,no
0446,2026-05-28-1900-product-149.md,A. Missing source support,post-body-guidance,https://www.capveri.com/sample-report,post_body_statement_reviewed_against_source,no
0447,2026-05-28-1900-product-149.md,B. Lease-rule ambiguity,post-body-guidance,https://www.capveri.com/sample-report,post_body_statement_reviewed_against_source,no
0448,2026-05-28-2000-engagement-150.md,Where does the handoff around RealPage export review lose the most context?,workflow-principle,https://www.capveri.com/resources/export-cam-realpage,post_body_statement_reviewed_against_source,no
0449,2026-05-28-2000-engagement-150.md,"The math, the source data, the lease interpretation, or the tenant packet support?",workflow-principle,https://www.capveri.com/resources/export-cam-realpage,post_body_statement_reviewed_against_source,no
0450,2026-05-28-2000-engagement-150.md,"If the lease rule changed, the calculation note should change with it.",workflow-principle,https://www.capveri.com/resources/export-cam-realpage,post_body_statement_reviewed_against_source,no
0451,2026-05-29-0600-cam-math-151.md,"If the review for the base-year stop is hard to explain, the packet needs work.",workflow-principle,https://www.capveri.com/resources/base-year-expense-stop,post_body_statement_reviewed_against_source,no
0452,2026-05-29-0600-cam-math-151.md,"Before billing, normalize one-time items before using the base year as a benchmark.",workflow-principle,https://www.capveri.com/resources/base-year-expense-stop,post_body_statement_reviewed_against_source,no
0453,2026-05-29-0600-cam-math-151.md,Storm cleanup in the base year should not quietly lower recoveries for every later year.,workflow-principle,https://www.capveri.com/resources/base-year-expense-stop,illustrative_example,yes
0454,2026-05-29-0700-erp-workarounds-152.md,GL export QA should leave a trail a second reviewer can follow.,workflow-principle,https://www.capveri.com/resources/gl-analysis-explained,post_body_statement_reviewed_against_source,no
0455,2026-05-29-0700-erp-workarounds-152.md,1. Start with the lease rule. An export can balance and still be incomplete for CAM work.,workflow-principle,https://www.capveri.com/resources/gl-analysis-explained,post_body_statement_reviewed_against_source,no
0456,2026-05-29-0700-erp-workarounds-152.md,"2. Check the source data. Check date filters, accrual timing, entity scope, and excluded accounts.",workflow-principle,https://www.capveri.com/resources/gl-analysis-explained,post_body_statement_reviewed_against_source,no
0457,2026-05-29-0800-war-stories-153.md,"If the review for the audit defense packet is hard to explain, the packet needs work.",workflow-principle,https://www.capveri.com/resources/landlord-cam-audit-defense-playbook,post_body_statement_reviewed_against_source,no
0458,2026-05-29-0800-war-stories-153.md,"Before billing, include source export, lease clause reference, calculation trace, and variance notes.",workflow-principle,https://www.capveri.com/resources/landlord-cam-audit-defense-playbook,post_body_statement_reviewed_against_source,no
0459,2026-05-29-0800-war-stories-153.md,"A tenant asking about landscaping should see the GL lines, allocation basis, and exclusion review.",workflow-principle,https://www.capveri.com/resources/landlord-cam-audit-defense-playbook,illustrative_example,yes
0460,2026-05-29-0900-anti-integration-154.md,Spreadsheet risk belongs in review before the packet goes out.,workflow-principle,https://www.capveri.com/resources/data-migration-off-excel,post_body_statement_reviewed_against_source,no
0461,2026-05-29-0900-anti-integration-154.md,"Input: Excel is flexible, but flexibility can hide broken assumptions.",workflow-principle,https://www.capveri.com/resources/data-migration-off-excel,post_body_statement_reviewed_against_source,no
0462,2026-05-29-0900-anti-integration-154.md,"Review step: check hard-coded factors, copied formulas, hidden tabs, and stale denominators.",workflow-principle,https://www.capveri.com/resources/data-migration-off-excel,post_body_statement_reviewed_against_source,no
0463,2026-05-29-1000-cam-math-155.md,Pro-rata denominator: one small setup choice can change the tenant answer.,workflow-principle,https://www.capveri.com/resources/pro-rata-share-calculation,post_body_statement_reviewed_against_source,no
0464,2026-05-29-1000-cam-math-155.md,"Before billing, match the denominator to the lease, not just the building setup screen.",workflow-principle,https://www.capveri.com/resources/pro-rata-share-calculation,post_body_statement_reviewed_against_source,no
0465,2026-05-29-1000-cam-math-155.md,"Building RSF, occupied RSF, floor RSF, and pool RSF can all produce different percentages.",workflow-principle,https://www.capveri.com/resources/pro-rata-share-calculation,illustrative_example,yes
0466,2026-05-29-1100-industry-news-156.md,A CAM total is not support. The support is the trace behind it.,workflow-principle,https://www.capveri.com/resources/sb-1103-compliance,post_body_statement_reviewed_against_source,no
0467,2026-05-29-1100-industry-news-156.md,"The useful visual is simple: CAM number on one side; source, rule, and trace on the other.",workflow-principle,https://www.capveri.com/resources/sb-1103-compliance,post_body_statement_reviewed_against_source,no
0468,2026-05-29-1100-industry-news-156.md,This is the kind of check that should happen before statement formatting starts.,workflow-principle,https://www.capveri.com/resources/sb-1103-compliance,post_body_statement_reviewed_against_source,no
0469,2026-05-29-1200-cam-math-157.md,A review of CapEx vs. OpEx belongs in CAM close before final billing.,workflow-principle,https://www.capveri.com/resources/capex-detection-cam,post_body_statement_reviewed_against_source,no
0470,2026-05-29-1200-cam-math-157.md,1. Start with the lease rule. Capital projects need separate recoverability review before they enter a CAM pool.,workflow-principle,https://www.capveri.com/resources/capex-detection-cam,post_body_statement_reviewed_against_source,no
0471,2026-05-29-1200-cam-math-157.md,2. Check the source data. Look for capitalization clues before the line enters a recoverable pool.,workflow-principle,https://www.capveri.com/resources/capex-detection-cam,post_body_statement_reviewed_against_source,no
0472,2026-05-29-1300-erp-workarounds-158.md,The fastest review of Yardi export review starts with the source file.,workflow-principle,https://www.capveri.com/resources/export-cam-yardi-voyager,post_body_statement_reviewed_against_source,no
0473,2026-05-29-1300-erp-workarounds-158.md,"Before billing, review recovery pool, share type, gross-up, cap, and exclusion settings against the lease.",workflow-principle,https://www.capveri.com/resources/export-cam-yardi-voyager,post_body_statement_reviewed_against_source,no
0474,2026-05-29-1300-erp-workarounds-158.md,The report can run cleanly while one tenant uses the wrong share type.,workflow-principle,https://www.capveri.com/resources/export-cam-yardi-voyager,illustrative_example,yes
0475,2026-05-29-1400-war-stories-159.md,"Before you send the CAM packet, check tenant dispute prep.",workflow-principle,https://www.capveri.com/resources/tenant-cam-dispute,post_body_statement_reviewed_against_source,no
0476,2026-05-29-1400-war-stories-159.md,"Source: many disputes start with missing support, not a dramatic accounting error.",workflow-principle,https://www.capveri.com/resources/tenant-cam-dispute,post_body_statement_reviewed_against_source,no
0477,2026-05-29-1400-war-stories-159.md,Lease: review the lines tenants are most likely to question before the packet is sent.,workflow-principle,https://www.capveri.com/resources/tenant-cam-dispute,post_body_statement_reviewed_against_source,no
0478,2026-05-29-1500-cam-math-160.md,Management fees: one small setup choice can change the tenant answer.,workflow-principle,https://www.capveri.com/resources/admin-fee-calculation-methods,post_body_statement_reviewed_against_source,no
0479,2026-05-29-1500-cam-math-160.md,"Before billing, verify whether the fee is calculated on gross rent, recoverable expenses, or another base.",workflow-principle,https://www.capveri.com/resources/admin-fee-calculation-methods,post_body_statement_reviewed_against_source,no
0480,2026-05-29-1500-cam-math-160.md,Applying a fee to an expense pool that already includes the fee can create circular math.,workflow-principle,https://www.capveri.com/resources/admin-fee-calculation-methods,illustrative_example,yes
0481,2026-05-29-1600-anti-integration-161.md,Export-based verification should leave a trail a second reviewer can follow.,workflow-principle,https://www.capveri.com/resources/data-migration-off-excel,post_body_statement_reviewed_against_source,no
0482,2026-05-29-1600-anti-integration-161.md,1. Start with the lease rule. CAM verification can work from exports without replacing the ERP.,workflow-principle,https://www.capveri.com/resources/data-migration-off-excel,post_body_statement_reviewed_against_source,no
0483,2026-05-29-1600-anti-integration-161.md,"2. Check the source data. Use CSV, Excel, and PDF outputs as the input layer.",workflow-principle,https://www.capveri.com/resources/data-migration-off-excel,post_body_statement_reviewed_against_source,no
0484,2026-05-29-1700-founder-162.md,Start with the CAM close calendar.,workflow-principle,https://www.capveri.com/resources/year-end-close-checklist-cam,post_body_statement_reviewed_against_source,no
0485,2026-05-29-1700-founder-162.md,Lease rule: CAM close works better when review steps are scheduled before statement drafting.,workflow-principle,https://www.capveri.com/resources/year-end-close-checklist-cam,post_body_statement_reviewed_against_source,no
0486,2026-05-29-1700-founder-162.md,"Source file: reserve time for export QA, lease-rule review, exception resolution, and packet assembly.",workflow-principle,https://www.capveri.com/resources/year-end-close-checklist-cam,post_body_statement_reviewed_against_source,no
0487,2026-05-29-1800-cam-math-163.md,Check the gross-up factor before the packet leaves accounting.,workflow-principle,https://www.capveri.com/resources/cam-gross-up-calculation-guide,post_body_statement_reviewed_against_source,no
0488,2026-05-29-1800-cam-math-163.md,"Before billing, compare actual occupancy to the lease target before applying a factor.",workflow-principle,https://www.capveri.com/resources/cam-gross-up-calculation-guide,post_body_statement_reviewed_against_source,no
0489,2026-05-29-1800-cam-math-163.md,"If actual occupancy is already at or above the target, the factor should be 1.0.",workflow-principle,https://www.capveri.com/resources/cam-gross-up-calculation-guide,illustrative_example,yes
0490,2026-05-29-1900-product-164.md,What would make the next the CapVeri trace review easier?,product-positioning,https://www.capveri.com/product-tour,post_body_statement_reviewed_against_source,no
0491,2026-05-29-1900-product-164.md,A. Clearer GL detail,post-body-guidance,https://www.capveri.com/product-tour,post_body_statement_reviewed_against_source,no
0492,2026-05-29-1900-product-164.md,B. Better lease references,post-body-guidance,https://www.capveri.com/product-tour,post_body_statement_reviewed_against_source,no
0493,2026-05-29-2000-engagement-165.md,Which backup item around the audit defense packet gets requested most often?,workflow-principle,https://www.capveri.com/resources/landlord-cam-audit-defense-playbook,post_body_statement_reviewed_against_source,no
0494,2026-05-29-2000-engagement-165.md,"The math, the source data, the lease interpretation, or the tenant packet support?",workflow-principle,https://www.capveri.com/resources/landlord-cam-audit-defense-playbook,post_body_statement_reviewed_against_source,no
0495,2026-05-29-2000-engagement-165.md,"Use the first pass to confirm the source, then let the math run.",workflow-principle,https://www.capveri.com/resources/landlord-cam-audit-defense-playbook,post_body_statement_reviewed_against_source,no
0496,2026-05-30-0600-cam-math-166.md,CAM teams do not need more ceremony. They need better checks around CAM caps.,workflow-principle,https://www.capveri.com/resources/cam-expense-caps,post_body_statement_reviewed_against_source,no
0497,2026-05-30-0600-cam-math-166.md,1. Start with the lease rule. Caps only work when the base amount and cap type are recorded correctly.,workflow-principle,https://www.capveri.com/resources/cam-expense-caps,post_body_statement_reviewed_against_source,no
0498,2026-05-30-0600-cam-math-166.md,"2. Check the source data. Confirm whether each cap is cumulative, non-cumulative, compounded, or fixed.",workflow-principle,https://www.capveri.com/resources/cam-expense-caps,post_body_statement_reviewed_against_source,no
0499,2026-05-30-0700-erp-workarounds-167.md,Check MRI export review before the packet leaves accounting.,workflow-principle,https://www.capveri.com/resources/export-cam-mri,post_body_statement_reviewed_against_source,no
0500,2026-05-30-0700-erp-workarounds-167.md,"Before billing, compare share type, billing pool, lease exclusions, and gross-up rules before statements go out.",workflow-principle,https://www.capveri.com/resources/export-cam-mri,post_body_statement_reviewed_against_source,no
0501,2026-05-30-0700-erp-workarounds-167.md,A tenant can be assigned to the right pool and still use the wrong denominator.,workflow-principle,https://www.capveri.com/resources/export-cam-mri,illustrative_example,yes
0502,2026-05-30-0800-war-stories-168.md,Pre-send QA belongs in review before the packet goes out.,workflow-principle,https://www.capveri.com/resources/cam-presend-checklist,post_body_statement_reviewed_against_source,no
0503,2026-05-30-0800-war-stories-168.md,Input: the best time to catch a CAM issue is before the tenant packet goes out.,workflow-principle,https://www.capveri.com/resources/cam-presend-checklist,post_body_statement_reviewed_against_source,no
0504,2026-05-30-0800-war-stories-168.md,"Review step: run checks for pool membership, non-recoverable lines, gross-up, caps, and denominator changes.",workflow-principle,https://www.capveri.com/resources/cam-presend-checklist,post_body_statement_reviewed_against_source,no
0505,2026-05-30-0900-anti-integration-169.md,Watch deterministic CAM math before statements go out.,workflow-principle,https://www.capveri.com/resources/deterministic-vs-ai-cam,post_body_statement_reviewed_against_source,no
0506,2026-05-30-0900-anti-integration-169.md,"Before billing, use rules, formulas, and source-backed inputs for allocations.",workflow-principle,https://www.capveri.com/resources/deterministic-vs-ai-cam,post_body_statement_reviewed_against_source,no
0507,2026-05-30-0900-anti-integration-169.md,"AI can help read a document, but the charge calculation should come from explicit lease terms.",workflow-principle,https://www.capveri.com/resources/deterministic-vs-ai-cam,illustrative_example,yes
0508,2026-05-30-1000-cam-math-170.md,Base-year stop deserves a source check before anyone formats the packet.,workflow-principle,https://www.capveri.com/resources/base-year-expense-stop,post_body_statement_reviewed_against_source,no
0509,2026-05-30-1000-cam-math-170.md,Setup: base-year leases compare current recoverable expenses against a baseline year.,workflow-principle,https://www.capveri.com/resources/base-year-expense-stop,post_body_statement_reviewed_against_source,no
0510,2026-05-30-1000-cam-math-170.md,Drift: normalize one-time items before using the base year as a benchmark.,workflow-principle,https://www.capveri.com/resources/base-year-expense-stop,post_body_statement_reviewed_against_source,no
0511,2026-05-30-1100-industry-news-171.md,Check property tax pass-throughs before the packet leaves accounting.,workflow-principle,https://www.capveri.com/resources/real-estate-tax-reconciliation,post_body_statement_reviewed_against_source,no
0512,2026-05-30-1100-industry-news-171.md,"Before billing, separate assessment changes, refunds, appeals, and prior-year adjustments.",workflow-principle,https://www.capveri.com/resources/real-estate-tax-reconciliation,post_body_statement_reviewed_against_source,no
0513,2026-05-30-1100-industry-news-171.md,A tax refund should be tracked back to the tenants and years affected by the original charge.,workflow-principle,https://www.capveri.com/resources/real-estate-tax-reconciliation,illustrative_example,yes
0514,2026-05-30-1200-cam-math-172.md,A review of the pro-rata denominator belongs in CAM close before final billing.,workflow-principle,https://www.capveri.com/resources/pro-rata-share-calculation,post_body_statement_reviewed_against_source,no
0515,2026-05-30-1200-cam-math-172.md,1. Start with the lease rule. A tenant share is only as reliable as the denominator behind it.,workflow-principle,https://www.capveri.com/resources/pro-rata-share-calculation,post_body_statement_reviewed_against_source,no
0516,2026-05-30-1200-cam-math-172.md,"2. Check the source data. Match the denominator to the lease, not just the building setup screen.",workflow-principle,https://www.capveri.com/resources/pro-rata-share-calculation,post_body_statement_reviewed_against_source,no
0517,2026-05-30-1300-erp-workarounds-173.md,A CAM total is not support. The support is the trace behind it.,workflow-principle,https://www.capveri.com/resources/export-cam-realpage,post_body_statement_reviewed_against_source,no
0518,2026-05-30-1300-erp-workarounds-173.md,"The useful visual is simple: CAM number on one side; source, rule, and trace on the other.",workflow-principle,https://www.capveri.com/resources/export-cam-realpage,post_body_statement_reviewed_against_source,no
0519,2026-05-30-1300-erp-workarounds-173.md,"If the issue repeats next year, the note should still make sense.",workflow-principle,https://www.capveri.com/resources/export-cam-realpage,post_body_statement_reviewed_against_source,no
0520,2026-05-30-1400-war-stories-174.md,A tenant question about the calculation audit trail should not require rebuilding the workbook.,workflow-principle,https://www.capveri.com/resources/self-audit-cam-billing,post_body_statement_reviewed_against_source,no
0521,2026-05-30-1400-war-stories-174.md,"Before billing, keep GL line, pool assignment, lease clause, factor, cap rule, and tenant allocation together.",workflow-principle,https://www.capveri.com/resources/self-audit-cam-billing,post_body_statement_reviewed_against_source,no
0522,2026-05-30-1400-war-stories-174.md,"If a tenant asks why their share changed, the answer should not require rebuilding the workbook.",workflow-principle,https://www.capveri.com/resources/self-audit-cam-billing,illustrative_example,yes
0523,2026-05-30-1500-cam-math-175.md,The quiet risk in CapEx vs. OpEx starts before the statement is formatted.,workflow-principle,https://www.capveri.com/resources/capex-detection-cam,post_body_statement_reviewed_against_source,no
0524,2026-05-30-1500-cam-math-175.md,What to verify: look for capitalization clues before the line enters a recoverable pool.,workflow-principle,https://www.capveri.com/resources/capex-detection-cam,post_body_statement_reviewed_against_source,no
0525,2026-05-30-1500-cam-math-175.md,What can go wrong: A repairs account can include invoices that deserve a capital-project check.,workflow-principle,https://www.capveri.com/resources/capex-detection-cam,illustrative_example,yes
0526,2026-05-30-1600-anti-integration-176.md,Spreadsheet risk: one small setup choice can change the tenant answer.,workflow-principle,https://www.capveri.com/resources/data-migration-off-excel,post_body_statement_reviewed_against_source,no
0527,2026-05-30-1600-anti-integration-176.md,"Before billing, check hard-coded factors, copied formulas, hidden tabs, and stale denominators.",workflow-principle,https://www.capveri.com/resources/data-migration-off-excel,post_body_statement_reviewed_against_source,no
0528,2026-05-30-1600-anti-integration-176.md,A workbook can pass tie-out while one tenant row still points to last year's denominator.,workflow-principle,https://www.capveri.com/resources/data-migration-off-excel,illustrative_example,yes
0529,2026-05-30-1700-founder-177.md,"The hard part is keeping the export, lease rule, and exception trail together.",workflow-principle,https://www.capveri.com/resources/multi-property-cam-workflow,post_body_statement_reviewed_against_source,no
0530,2026-05-30-1700-founder-177.md,"It is the setup behind the arithmetic. Prioritize what changed, what failed, what needs approval, and what is ready to send.",workflow-principle,https://www.capveri.com/resources/multi-property-cam-workflow,post_body_statement_reviewed_against_source,no
0531,2026-05-30-1700-founder-177.md,"CapVeri keeps export review, lease-term logic, and the calculation record in one review path.",product-positioning,https://www.capveri.com/resources/multi-property-cam-workflow,post_body_statement_reviewed_against_source,no
0532,2026-05-30-1800-cam-math-178.md,What would make the next management fees review easier?,workflow-principle,https://www.capveri.com/resources/admin-fee-calculation-methods,post_body_statement_reviewed_against_source,no
0533,2026-05-30-1800-cam-math-178.md,A. Clearer GL detail,post-body-guidance,https://www.capveri.com/resources/admin-fee-calculation-methods,post_body_statement_reviewed_against_source,no
0534,2026-05-30-1800-cam-math-178.md,B. Better lease references,post-body-guidance,https://www.capveri.com/resources/admin-fee-calculation-methods,post_body_statement_reviewed_against_source,no
0535,2026-05-30-1900-product-179.md,Spreadsheets and ERP setup screens can show the output.,workflow-principle,https://www.capveri.com/sample-report,post_body_statement_reviewed_against_source,no
0536,2026-05-30-1900-product-179.md,"CapVeri keeps the export, lease rule, exception, and tenant-level trace in one review path.",product-positioning,https://www.capveri.com/sample-report,post_body_statement_reviewed_against_source,no
0537,2026-05-30-1900-product-179.md,A gross-up finding should show the occupancy inputs and expense lines affected.,workflow-principle,https://www.capveri.com/sample-report,illustrative_example,yes
0538,2026-05-30-2000-engagement-180.md,Where does the handoff around tenant dispute prep lose the most context?,workflow-principle,https://www.capveri.com/resources/tenant-cam-dispute,post_body_statement_reviewed_against_source,no
0539,2026-05-30-2000-engagement-180.md,"The math, the source data, the lease interpretation, or the tenant packet support?",workflow-principle,https://www.capveri.com/resources/tenant-cam-dispute,post_body_statement_reviewed_against_source,no
0540,2026-05-30-2000-engagement-180.md,"Treat the exception note as part of the reconciliation, not an afterthought.",workflow-principle,https://www.capveri.com/resources/tenant-cam-dispute,post_body_statement_reviewed_against_source,no
0541,2026-05-31-0600-cam-math-181.md,Gross-up factor: one small setup choice can change the tenant answer.,workflow-principle,https://www.capveri.com/resources/cam-gross-up-calculation-guide,post_body_statement_reviewed_against_source,no
0542,2026-05-31-0600-cam-math-181.md,"Before billing, compare actual occupancy to the lease target before applying a factor.",workflow-principle,https://www.capveri.com/resources/cam-gross-up-calculation-guide,post_body_statement_reviewed_against_source,no
0543,2026-05-31-0600-cam-math-181.md,"If actual occupancy is already at or above the target, the factor should be 1.0.",workflow-principle,https://www.capveri.com/resources/cam-gross-up-calculation-guide,illustrative_example,yes
0544,2026-05-31-0700-erp-workarounds-182.md,GL export QA belongs in review before the packet goes out.,workflow-principle,https://www.capveri.com/resources/gl-analysis-explained,post_body_statement_reviewed_against_source,no
0545,2026-05-31-0700-erp-workarounds-182.md,Input: an export can balance and still be incomplete for CAM work.,workflow-principle,https://www.capveri.com/resources/gl-analysis-explained,post_body_statement_reviewed_against_source,no
0546,2026-05-31-0700-erp-workarounds-182.md,"Review step: check date filters, accrual timing, entity scope, and excluded accounts.",workflow-principle,https://www.capveri.com/resources/gl-analysis-explained,post_body_statement_reviewed_against_source,no
0547,2026-05-31-0800-war-stories-183.md,The fastest review of the audit defense packet starts with the source file.,workflow-principle,https://www.capveri.com/resources/landlord-cam-audit-defense-playbook,post_body_statement_reviewed_against_source,no
0548,2026-05-31-0800-war-stories-183.md,"Before billing, include source export, lease clause reference, calculation trace, and variance notes.",workflow-principle,https://www.capveri.com/resources/landlord-cam-audit-defense-playbook,post_body_statement_reviewed_against_source,no
0549,2026-05-31-0800-war-stories-183.md,"A tenant asking about landscaping should see the GL lines, allocation basis, and exclusion review.",workflow-principle,https://www.capveri.com/resources/landlord-cam-audit-defense-playbook,illustrative_example,yes
0550,2026-05-31-0900-anti-integration-184.md,The packet gets easier to review when export-based verification is documented early.,workflow-principle,https://www.capveri.com/resources/data-migration-off-excel,post_body_statement_reviewed_against_source,no
0551,2026-05-31-0900-anti-integration-184.md,1. Start with the lease rule. CAM verification can work from exports without replacing the ERP.,workflow-principle,https://www.capveri.com/resources/data-migration-off-excel,post_body_statement_reviewed_against_source,no
0552,2026-05-31-0900-anti-integration-184.md,"2. Check the source data. Use CSV, Excel, and PDF outputs as the input layer.",workflow-principle,https://www.capveri.com/resources/data-migration-off-excel,post_body_statement_reviewed_against_source,no
0553,2026-05-31-1000-cam-math-185.md,A tenant question about CAM caps should not require rebuilding the workbook.,workflow-principle,https://www.capveri.com/resources/cam-expense-caps,post_body_statement_reviewed_against_source,no
0554,2026-05-31-1000-cam-math-185.md,"Before billing, confirm whether each cap is cumulative, non-cumulative, compounded, or fixed.",workflow-principle,https://www.capveri.com/resources/cam-expense-caps,post_body_statement_reviewed_against_source,no
0555,2026-05-31-1000-cam-math-185.md,A 5 percent cap can behave very differently depending on whether unused cap room carries forward.,workflow-principle,https://www.capveri.com/resources/cam-expense-caps,illustrative_example,yes
0556,2026-05-31-1100-industry-news-186.md,BOMA 2024 deserves a source check before anyone formats the packet.,workflow-principle,https://www.capveri.com/resources/boma-2024-implementation-guide,post_body_statement_reviewed_against_source,no
0557,2026-05-31-1100-industry-news-186.md,Setup: measurement changes can affect pro-rata shares and billing support.,workflow-principle,https://www.capveri.com/resources/boma-2024-implementation-guide,post_body_statement_reviewed_against_source,no
0558,2026-05-31-1100-industry-news-186.md,Drift: review lease language before applying a new measurement standard.,workflow-principle,https://www.capveri.com/resources/boma-2024-implementation-guide,post_body_statement_reviewed_against_source,no
0559,2026-05-31-1200-cam-math-187.md,The fastest review of the base-year stop starts with the source file.,workflow-principle,https://www.capveri.com/resources/base-year-expense-stop,post_body_statement_reviewed_against_source,no
0560,2026-05-31-1200-cam-math-187.md,"Before billing, normalize one-time items before using the base year as a benchmark.",workflow-principle,https://www.capveri.com/resources/base-year-expense-stop,post_body_statement_reviewed_against_source,no
0561,2026-05-31-1200-cam-math-187.md,Storm cleanup in the base year should not quietly lower recoveries for every later year.,workflow-principle,https://www.capveri.com/resources/base-year-expense-stop,illustrative_example,yes
0562,2026-05-31-1300-erp-workarounds-188.md,Yardi export review: one small setup choice can change the tenant answer.,workflow-principle,https://www.capveri.com/resources/export-cam-yardi-voyager,post_body_statement_reviewed_against_source,no
0563,2026-05-31-1300-erp-workarounds-188.md,"Before billing, review recovery pool, share type, gross-up, cap, and exclusion settings against the lease.",workflow-principle,https://www.capveri.com/resources/export-cam-yardi-voyager,post_body_statement_reviewed_against_source,no
0564,2026-05-31-1300-erp-workarounds-188.md,The report can run cleanly while one tenant uses the wrong share type.,workflow-principle,https://www.capveri.com/resources/export-cam-yardi-voyager,illustrative_example,yes
0565,2026-05-31-1400-war-stories-189.md,A review of tenant dispute prep belongs in CAM close before final billing.,workflow-principle,https://www.capveri.com/resources/tenant-cam-dispute,post_body_statement_reviewed_against_source,no
0566,2026-05-31-1400-war-stories-189.md,"1. Start with the lease rule. Many disputes start with missing support, not a dramatic accounting error.",workflow-principle,https://www.capveri.com/resources/tenant-cam-dispute,post_body_statement_reviewed_against_source,no
0567,2026-05-31-1400-war-stories-189.md,2. Check the source data. Review the lines tenants are most likely to question before the packet is sent.,workflow-principle,https://www.capveri.com/resources/tenant-cam-dispute,post_body_statement_reviewed_against_source,no
0568,2026-05-31-1500-cam-math-190.md,The quiet risk in the pro-rata denominator starts before the statement is formatted.,workflow-principle,https://www.capveri.com/resources/pro-rata-share-calculation,post_body_statement_reviewed_against_source,no
0569,2026-05-31-1500-cam-math-190.md,"What to verify: match the denominator to the lease, not just the building setup screen.",workflow-principle,https://www.capveri.com/resources/pro-rata-share-calculation,post_body_statement_reviewed_against_source,no
0570,2026-05-31-1500-cam-math-190.md,"What can go wrong: Building RSF, occupied RSF, floor RSF, and pool RSF can all produce different percentages.",workflow-principle,https://www.capveri.com/resources/pro-rata-share-calculation,illustrative_example,yes
0571,2026-05-31-1600-anti-integration-191.md,Deterministic CAM math can expose drift in an otherwise clean CAM statement.,workflow-principle,https://www.capveri.com/resources/deterministic-vs-ai-cam,post_body_statement_reviewed_against_source,no
0572,2026-05-31-1600-anti-integration-191.md,"Before billing, use rules, formulas, and source-backed inputs for allocations.",workflow-principle,https://www.capveri.com/resources/deterministic-vs-ai-cam,post_body_statement_reviewed_against_source,no
0573,2026-05-31-1600-anti-integration-191.md,"AI can help read a document, but the charge calculation should come from explicit lease terms.",workflow-principle,https://www.capveri.com/resources/deterministic-vs-ai-cam,illustrative_example,yes
0574,2026-05-31-1700-founder-192.md,"In CAM close, the final arithmetic is usually the easy part.",workflow-principle,https://www.capveri.com/resources/year-end-close-checklist-cam,post_body_statement_reviewed_against_source,no
0575,2026-05-31-1700-founder-192.md,"It is the setup behind the arithmetic. Reserve time for export QA, lease-rule review, exception resolution, and packet assembly.",workflow-principle,https://www.capveri.com/resources/year-end-close-checklist-cam,post_body_statement_reviewed_against_source,no
0576,2026-05-31-1700-founder-192.md,"CapVeri keeps export review, lease-term logic, and the calculation record in one review path.",product-positioning,https://www.capveri.com/resources/year-end-close-checklist-cam,post_body_statement_reviewed_against_source,no
0577,2026-05-31-1800-cam-math-193.md,CapEx vs. OpEx should leave a trail a second reviewer can follow.,workflow-principle,https://www.capveri.com/resources/capex-detection-cam,post_body_statement_reviewed_against_source,no
0578,2026-05-31-1800-cam-math-193.md,1. Start with the lease rule. Capital projects need separate recoverability review before they enter a CAM pool.,workflow-principle,https://www.capveri.com/resources/capex-detection-cam,post_body_statement_reviewed_against_source,no
0579,2026-05-31-1800-cam-math-193.md,2. Check the source data. Look for capitalization clues before the line enters a recoverable pool.,workflow-principle,https://www.capveri.com/resources/capex-detection-cam,post_body_statement_reviewed_against_source,no
0580,2026-05-31-1900-product-194.md,The goal is not to replace the ERP. The goal is to make the output easier to review.,workflow-principle,https://www.capveri.com/product-tour,post_body_statement_reviewed_against_source,no
0581,2026-05-31-1900-product-194.md,"The useful visual is simple: CAM number on one side; source, rule, and trace on the other.",workflow-principle,https://www.capveri.com/product-tour,post_body_statement_reviewed_against_source,no
0582,2026-05-31-1900-product-194.md,A review-ready packet does not need drama. It needs traceable inputs.,workflow-principle,https://www.capveri.com/product-tour,post_body_statement_reviewed_against_source,no
0583,2026-05-31-2000-engagement-195.md,What would make the next pre-send QA review easier?,workflow-principle,https://www.capveri.com/resources/cam-presend-checklist,post_body_statement_reviewed_against_source,no
0584,2026-05-31-2000-engagement-195.md,A. Clearer GL detail,post-body-guidance,https://www.capveri.com/resources/cam-presend-checklist,post_body_statement_reviewed_against_source,no
0585,2026-05-31-2000-engagement-195.md,B. Better lease references,post-body-guidance,https://www.capveri.com/resources/cam-presend-checklist,post_body_statement_reviewed_against_source,no
0586,2026-06-01-0600-cam-math-196.md,Management fees: verify the source before you explain the number.,workflow-principle,https://www.capveri.com/resources/admin-fee-calculation-methods,post_body_statement_reviewed_against_source,no
0587,2026-06-01-0600-cam-math-196.md,"The useful visual is simple: CAM number on one side; source, rule, and trace on the other.",workflow-principle,https://www.capveri.com/resources/admin-fee-calculation-methods,post_body_statement_reviewed_against_source,no
0588,2026-06-01-0600-cam-math-196.md,"If a tenant asks, the answer should already be in the packet.",workflow-principle,https://www.capveri.com/resources/admin-fee-calculation-methods,post_body_statement_reviewed_against_source,no
0589,2026-06-01-0700-erp-workarounds-197.md,MRI export review can expose drift in an otherwise clean CAM statement.,workflow-principle,https://www.capveri.com/resources/export-cam-mri,post_body_statement_reviewed_against_source,no
0590,2026-06-01-0700-erp-workarounds-197.md,"Before billing, compare share type, billing pool, lease exclusions, and gross-up rules before statements go out.",workflow-principle,https://www.capveri.com/resources/export-cam-mri,post_body_statement_reviewed_against_source,no
0591,2026-06-01-0700-erp-workarounds-197.md,A tenant can be assigned to the right pool and still use the wrong denominator.,workflow-principle,https://www.capveri.com/resources/export-cam-mri,illustrative_example,yes
0592,2026-06-01-0800-war-stories-198.md,A review of pre-send QA belongs in CAM close before final billing.,workflow-principle,https://www.capveri.com/resources/cam-presend-checklist,post_body_statement_reviewed_against_source,no
0593,2026-06-01-0800-war-stories-198.md,1. Start with the lease rule. The best time to catch a CAM issue is before the tenant packet goes out.,workflow-principle,https://www.capveri.com/resources/cam-presend-checklist,post_body_statement_reviewed_against_source,no
0594,2026-06-01-0800-war-stories-198.md,"2. Check the source data. Run checks for pool membership, non-recoverable lines, gross-up, caps, and denominator changes.",workflow-principle,https://www.capveri.com/resources/cam-presend-checklist,post_body_statement_reviewed_against_source,no
0595,2026-06-01-0900-anti-integration-199.md,A tenant question about spreadsheet risk should not require rebuilding the workbook.,workflow-principle,https://www.capveri.com/resources/data-migration-off-excel,post_body_statement_reviewed_against_source,no
0596,2026-06-01-0900-anti-integration-199.md,"Before billing, check hard-coded factors, copied formulas, hidden tabs, and stale denominators.",workflow-principle,https://www.capveri.com/resources/data-migration-off-excel,post_body_statement_reviewed_against_source,no
0597,2026-06-01-0900-anti-integration-199.md,A workbook can pass tie-out while one tenant row still points to last year's denominator.,workflow-principle,https://www.capveri.com/resources/data-migration-off-excel,illustrative_example,yes
0598,2026-06-01-1000-cam-math-200.md,Check the gross-up factor before the packet leaves accounting.,workflow-principle,https://www.capveri.com/resources/cam-gross-up-calculation-guide,post_body_statement_reviewed_against_source,no
0599,2026-06-01-1000-cam-math-200.md,"Before billing, compare actual occupancy to the lease target before applying a factor.",workflow-principle,https://www.capveri.com/resources/cam-gross-up-calculation-guide,post_body_statement_reviewed_against_source,no
0600,2026-06-01-1000-cam-math-200.md,"If actual occupancy is already at or above the target, the factor should be 1.0.",workflow-principle,https://www.capveri.com/resources/cam-gross-up-calculation-guide,illustrative_example,yes
0601,2026-06-01-1100-industry-news-201.md,California SB 1103 belongs in review before the packet goes out.,workflow-principle,https://www.capveri.com/resources/sb-1103-compliance,post_body_statement_reviewed_against_source,no
0602,2026-06-01-1100-industry-news-201.md,Input: California SB 1103 makes operating-cost support more important for qualified commercial tenants.,workflow-principle,https://www.capveri.com/resources/sb-1103-compliance,post_body_statement_reviewed_against_source,no
0603,2026-06-01-1100-industry-news-201.md,Review step: separate legal interpretation from accounting support and keep the source documentation ready.,workflow-principle,https://www.capveri.com/resources/sb-1103-compliance,post_body_statement_reviewed_against_source,no
0604,2026-06-01-1200-cam-math-202.md,A review of CAM caps belongs in CAM close before final billing.,workflow-principle,https://www.capveri.com/resources/cam-expense-caps,post_body_statement_reviewed_against_source,no
0605,2026-06-01-1200-cam-math-202.md,1. Start with the lease rule. Caps only work when the base amount and cap type are recorded correctly.,workflow-principle,https://www.capveri.com/resources/cam-expense-caps,post_body_statement_reviewed_against_source,no
0606,2026-06-01-1200-cam-math-202.md,"2. Check the source data. Confirm whether each cap is cumulative, non-cumulative, compounded, or fixed.",workflow-principle,https://www.capveri.com/resources/cam-expense-caps,post_body_statement_reviewed_against_source,no
0607,2026-06-01-1300-erp-workarounds-203.md,RealPage export review can expose drift in an otherwise clean CAM statement.,workflow-principle,https://www.capveri.com/resources/export-cam-realpage,post_body_statement_reviewed_against_source,no
0608,2026-06-01-1300-erp-workarounds-203.md,"Before billing, confirm pool membership, exclusions, caps, and date range settings.",workflow-principle,https://www.capveri.com/resources/export-cam-realpage,post_body_statement_reviewed_against_source,no
0609,2026-06-01-1300-erp-workarounds-203.md,A reimbursement pool can include the right GL accounts but the wrong tenant allocation rule.,workflow-principle,https://www.capveri.com/resources/export-cam-realpage,illustrative_example,yes
0610,2026-06-01-1400-war-stories-204.md,Check the calculation audit trail before the packet leaves accounting.,workflow-principle,https://www.capveri.com/resources/self-audit-cam-billing,post_body_statement_reviewed_against_source,no
0611,2026-06-01-1400-war-stories-204.md,"Before billing, keep GL line, pool assignment, lease clause, factor, cap rule, and tenant allocation together.",workflow-principle,https://www.capveri.com/resources/self-audit-cam-billing,post_body_statement_reviewed_against_source,no
0612,2026-06-01-1400-war-stories-204.md,"If a tenant asks why their share changed, the answer should not require rebuilding the workbook.",workflow-principle,https://www.capveri.com/resources/self-audit-cam-billing,illustrative_example,yes
0613,2026-06-01-1500-cam-math-205.md,Review the base-year stop before statements go out.,workflow-principle,https://www.capveri.com/resources/base-year-expense-stop,post_body_statement_reviewed_against_source,no
0614,2026-06-01-1500-cam-math-205.md,Input: base-year leases compare current recoverable expenses against a baseline year.,workflow-principle,https://www.capveri.com/resources/base-year-expense-stop,post_body_statement_reviewed_against_source,no
0615,2026-06-01-1500-cam-math-205.md,Review: normalize one-time items before using the base year as a benchmark.,workflow-principle,https://www.capveri.com/resources/base-year-expense-stop,post_body_statement_reviewed_against_source,no
0616,2026-06-01-1600-anti-integration-206.md,The packet gets easier to review when export-based verification is documented early.,workflow-principle,https://www.capveri.com/resources/data-migration-off-excel,post_body_statement_reviewed_against_source,no
0617,2026-06-01-1600-anti-integration-206.md,1. Start with the lease rule. CAM verification can work from exports without replacing the ERP.,workflow-principle,https://www.capveri.com/resources/data-migration-off-excel,post_body_statement_reviewed_against_source,no
0618,2026-06-01-1600-anti-integration-206.md,"2. Check the source data. Use CSV, Excel, and PDF outputs as the input layer.",workflow-principle,https://www.capveri.com/resources/data-migration-off-excel,post_body_statement_reviewed_against_source,no
0619,2026-06-01-1700-founder-207.md,The part of CAM work that gets missed is usually upstream of the final statement.,workflow-principle,https://www.capveri.com/resources/multi-property-cam-workflow,post_body_statement_reviewed_against_source,no
0620,2026-06-01-1700-founder-207.md,"It is the setup behind the arithmetic. Prioritize what changed, what failed, what needs approval, and what is ready to send.",workflow-principle,https://www.capveri.com/resources/multi-property-cam-workflow,post_body_statement_reviewed_against_source,no
0621,2026-06-01-1700-founder-207.md,"CapVeri keeps export review, lease-term logic, and the calculation record in one review path.",product-positioning,https://www.capveri.com/resources/multi-property-cam-workflow,post_body_statement_reviewed_against_source,no
0622,2026-06-01-1800-cam-math-208.md,The quiet risk in the pro-rata denominator starts before the statement is formatted.,workflow-principle,https://www.capveri.com/resources/pro-rata-share-calculation,post_body_statement_reviewed_against_source,no
0623,2026-06-01-1800-cam-math-208.md,"What to verify: match the denominator to the lease, not just the building setup screen.",workflow-principle,https://www.capveri.com/resources/pro-rata-share-calculation,post_body_statement_reviewed_against_source,no
0624,2026-06-01-1800-cam-math-208.md,"What can go wrong: Building RSF, occupied RSF, floor RSF, and pool RSF can all produce different percentages.",workflow-principle,https://www.capveri.com/resources/pro-rata-share-calculation,illustrative_example,yes
0625,2026-06-01-1900-product-209.md,Spreadsheets and ERP setup screens can show the output.,workflow-principle,https://www.capveri.com/sample-report,post_body_statement_reviewed_against_source,no
0626,2026-06-01-1900-product-209.md,"CapVeri keeps the export, lease rule, exception, and tenant-level trace in one review path.",product-positioning,https://www.capveri.com/sample-report,post_body_statement_reviewed_against_source,no
0627,2026-06-01-1900-product-209.md,A gross-up finding should show the occupancy inputs and expense lines affected.,workflow-principle,https://www.capveri.com/sample-report,illustrative_example,yes
0628,2026-06-01-2000-engagement-210.md,Where do tenant questions about the calculation audit trail usually start?,workflow-principle,https://www.capveri.com/resources/self-audit-cam-billing,post_body_statement_reviewed_against_source,no
0629,2026-06-01-2000-engagement-210.md,A. Taxes and insurance,post-body-guidance,https://www.capveri.com/resources/self-audit-cam-billing,post_body_statement_reviewed_against_source,no
0630,2026-06-01-2000-engagement-210.md,B. Management fees,post-body-guidance,https://www.capveri.com/resources/self-audit-cam-billing,post_body_statement_reviewed_against_source,no
0631,2026-06-02-0600-cam-math-211.md,A tenant question about CapEx vs. OpEx should not require rebuilding the workbook.,workflow-principle,https://www.capveri.com/resources/capex-detection-cam,post_body_statement_reviewed_against_source,no
0632,2026-06-02-0600-cam-math-211.md,"Before billing, look for capitalization clues before the line enters a recoverable pool.",workflow-principle,https://www.capveri.com/resources/capex-detection-cam,post_body_statement_reviewed_against_source,no
0633,2026-06-02-0600-cam-math-211.md,A repairs account can include invoices that deserve a capital-project check.,workflow-principle,https://www.capveri.com/resources/capex-detection-cam,illustrative_example,yes
0634,2026-06-02-0700-erp-workarounds-212.md,Here is the review path for GL export QA.,workflow-principle,https://www.capveri.com/resources/gl-analysis-explained,post_body_statement_reviewed_against_source,no
0635,2026-06-02-0700-erp-workarounds-212.md,1. Start with the lease rule. An export can balance and still be incomplete for CAM work.,workflow-principle,https://www.capveri.com/resources/gl-analysis-explained,post_body_statement_reviewed_against_source,no
0636,2026-06-02-0700-erp-workarounds-212.md,"2. Check the source data. Check date filters, accrual timing, entity scope, and excluded accounts.",workflow-principle,https://www.capveri.com/resources/gl-analysis-explained,post_body_statement_reviewed_against_source,no
0637,2026-06-02-0800-war-stories-213.md,A CAM total is not support. The support is the trace behind it.,workflow-principle,https://www.capveri.com/resources/landlord-cam-audit-defense-playbook,post_body_statement_reviewed_against_source,no
0638,2026-06-02-0800-war-stories-213.md,"The useful visual is simple: CAM number on one side; source, rule, and trace on the other.",workflow-principle,https://www.capveri.com/resources/landlord-cam-audit-defense-playbook,post_body_statement_reviewed_against_source,no
0639,2026-06-02-0800-war-stories-213.md,The goal is not more backup. The goal is backup that points to the answer.,workflow-principle,https://www.capveri.com/resources/landlord-cam-audit-defense-playbook,post_body_statement_reviewed_against_source,no
0640,2026-06-02-0900-anti-integration-214.md,Deterministic CAM math belongs in review before the packet goes out.,workflow-principle,https://www.capveri.com/resources/deterministic-vs-ai-cam,post_body_statement_reviewed_against_source,no
0641,2026-06-02-0900-anti-integration-214.md,Input: financial math should be deterministic and auditable.,workflow-principle,https://www.capveri.com/resources/deterministic-vs-ai-cam,post_body_statement_reviewed_against_source,no
0642,2026-06-02-0900-anti-integration-214.md,"Review step: use rules, formulas, and source-backed inputs for allocations.",workflow-principle,https://www.capveri.com/resources/deterministic-vs-ai-cam,post_body_statement_reviewed_against_source,no
0643,2026-06-02-1000-cam-math-215.md,Management fees can expose drift in an otherwise clean CAM statement.,workflow-principle,https://www.capveri.com/resources/admin-fee-calculation-methods,post_body_statement_reviewed_against_source,no
0644,2026-06-02-1000-cam-math-215.md,"Before billing, verify whether the fee is calculated on gross rent, recoverable expenses, or another base.",workflow-principle,https://www.capveri.com/resources/admin-fee-calculation-methods,post_body_statement_reviewed_against_source,no
0645,2026-06-02-1000-cam-math-215.md,Applying a fee to an expense pool that already includes the fee can create circular math.,workflow-principle,https://www.capveri.com/resources/admin-fee-calculation-methods,illustrative_example,yes
0646,2026-06-02-1100-industry-news-216.md,Property tax pass-throughs can expose drift in an otherwise clean CAM statement.,workflow-principle,https://www.capveri.com/resources/real-estate-tax-reconciliation,post_body_statement_reviewed_against_source,no
0647,2026-06-02-1100-industry-news-216.md,"Before billing, separate assessment changes, refunds, appeals, and prior-year adjustments.",workflow-principle,https://www.capveri.com/resources/real-estate-tax-reconciliation,post_body_statement_reviewed_against_source,no
0648,2026-06-02-1100-industry-news-216.md,A tax refund should be tracked back to the tenants and years affected by the original charge.,workflow-principle,https://www.capveri.com/resources/real-estate-tax-reconciliation,illustrative_example,yes
0649,2026-06-02-1200-cam-math-217.md,A review of the gross-up factor belongs in CAM close before final billing.,workflow-principle,https://www.capveri.com/resources/cam-gross-up-calculation-guide,post_body_statement_reviewed_against_source,no
0650,2026-06-02-1200-cam-math-217.md,1. Start with the lease rule. Gross-up should apply to variable expenses only.,workflow-principle,https://www.capveri.com/resources/cam-gross-up-calculation-guide,post_body_statement_reviewed_against_source,no
0651,2026-06-02-1200-cam-math-217.md,2. Check the source data. Compare actual occupancy to the lease target before applying a factor.,workflow-principle,https://www.capveri.com/resources/cam-gross-up-calculation-guide,post_body_statement_reviewed_against_source,no
0652,2026-06-02-1300-erp-workarounds-218.md,Yardi export review is a small review step that can change the tenant answer.,workflow-principle,https://www.capveri.com/resources/export-cam-yardi-voyager,post_body_statement_reviewed_against_source,no
0653,2026-06-02-1300-erp-workarounds-218.md,Rule: Yardi can be the system of record without being the only calculation check.,workflow-principle,https://www.capveri.com/resources/export-cam-yardi-voyager,post_body_statement_reviewed_against_source,no
0654,2026-06-02-1300-erp-workarounds-218.md,"Check: review recovery pool, share type, gross-up, cap, and exclusion settings against the lease.",workflow-principle,https://www.capveri.com/resources/export-cam-yardi-voyager,post_body_statement_reviewed_against_source,no
0655,2026-06-02-1400-war-stories-219.md,Tenant disputes: one small setup choice can change the tenant answer.,workflow-principle,https://www.capveri.com/resources/tenant-cam-dispute,post_body_statement_reviewed_against_source,no
0656,2026-06-02-1400-war-stories-219.md,"Before billing, review the lines tenants are most likely to question before the packet is sent.",workflow-principle,https://www.capveri.com/resources/tenant-cam-dispute,post_body_statement_reviewed_against_source,no
0657,2026-06-02-1400-war-stories-219.md,"Taxes, insurance, management fees, CapEx, and administrative charges need especially clear support.",workflow-principle,https://www.capveri.com/resources/tenant-cam-dispute,illustrative_example,yes
0658,2026-06-02-1500-cam-math-220.md,CAM caps can expose drift in an otherwise clean CAM statement.,workflow-principle,https://www.capveri.com/resources/cam-expense-caps,post_body_statement_reviewed_against_source,no
0659,2026-06-02-1500-cam-math-220.md,"Before billing, confirm whether each cap is cumulative, non-cumulative, compounded, or fixed.",workflow-principle,https://www.capveri.com/resources/cam-expense-caps,post_body_statement_reviewed_against_source,no
0660,2026-06-02-1500-cam-math-220.md,A 5 percent cap can behave very differently depending on whether unused cap room carries forward.,workflow-principle,https://www.capveri.com/resources/cam-expense-caps,illustrative_example,yes
0661,2026-06-02-1600-anti-integration-221.md,Spreadsheet risk belongs in review before the packet goes out.,workflow-principle,https://www.capveri.com/resources/data-migration-off-excel,post_body_statement_reviewed_against_source,no
0662,2026-06-02-1600-anti-integration-221.md,"Input: Excel is flexible, but flexibility can hide broken assumptions.",workflow-principle,https://www.capveri.com/resources/data-migration-off-excel,post_body_statement_reviewed_against_source,no
0663,2026-06-02-1600-anti-integration-221.md,"Review step: check hard-coded factors, copied formulas, hidden tabs, and stale denominators.",workflow-principle,https://www.capveri.com/resources/data-migration-off-excel,post_body_statement_reviewed_against_source,no
0664,2026-06-02-1700-founder-222.md,A cleaner CAM process starts before the PDF packet exists.,workflow-principle,https://www.capveri.com/resources/year-end-close-checklist-cam,post_body_statement_reviewed_against_source,no
0665,2026-06-02-1700-founder-222.md,"It is the setup behind the arithmetic. Reserve time for export QA, lease-rule review, exception resolution, and packet assembly.",workflow-principle,https://www.capveri.com/resources/year-end-close-checklist-cam,post_body_statement_reviewed_against_source,no
0666,2026-06-02-1700-founder-222.md,"CapVeri keeps export review, lease-term logic, and the calculation record in one review path.",product-positioning,https://www.capveri.com/resources/year-end-close-checklist-cam,post_body_statement_reviewed_against_source,no
0667,2026-06-02-1800-cam-math-223.md,Base-year stop: one small setup choice can change the tenant answer.,workflow-principle,https://www.capveri.com/resources/base-year-expense-stop,post_body_statement_reviewed_against_source,no
0668,2026-06-02-1800-cam-math-223.md,"Before billing, normalize one-time items before using the base year as a benchmark.",workflow-principle,https://www.capveri.com/resources/base-year-expense-stop,post_body_statement_reviewed_against_source,no
0669,2026-06-02-1800-cam-math-223.md,Storm cleanup in the base year should not quietly lower recoveries for every later year.,workflow-principle,https://www.capveri.com/resources/base-year-expense-stop,illustrative_example,yes
0670,2026-06-02-1900-product-224.md,Where do tenant questions about the CapVeri trace usually start?,product-positioning,https://www.capveri.com/product-tour,post_body_statement_reviewed_against_source,no
0671,2026-06-02-1900-product-224.md,A. Taxes and insurance,post-body-guidance,https://www.capveri.com/product-tour,post_body_statement_reviewed_against_source,no
0672,2026-06-02-1900-product-224.md,B. Management fees,post-body-guidance,https://www.capveri.com/product-tour,post_body_statement_reviewed_against_source,no
0673,2026-06-02-2000-engagement-225.md,"When your team reviews export-based verification, where does the work usually get stuck?",workflow-principle,https://www.capveri.com/resources/data-migration-off-excel,post_body_statement_reviewed_against_source,no
0674,2026-06-02-2000-engagement-225.md,"The math, the source data, the lease interpretation, or the tenant packet support?",workflow-principle,https://www.capveri.com/resources/data-migration-off-excel,post_body_statement_reviewed_against_source,no
0675,2026-06-02-2000-engagement-225.md,This is the kind of issue that gets expensive only after it is hard to reconstruct.,workflow-principle,https://www.capveri.com/resources/data-migration-off-excel,post_body_statement_reviewed_against_source,no
0676,2026-06-03-0600-cam-math-226.md,Check the pro-rata denominator before the packet leaves accounting.,workflow-principle,https://www.capveri.com/resources/pro-rata-share-calculation,post_body_statement_reviewed_against_source,no
0677,2026-06-03-0600-cam-math-226.md,"Before billing, match the denominator to the lease, not just the building setup screen.",workflow-principle,https://www.capveri.com/resources/pro-rata-share-calculation,post_body_statement_reviewed_against_source,no
0678,2026-06-03-0600-cam-math-226.md,"Building RSF, occupied RSF, floor RSF, and pool RSF can all produce different percentages.",workflow-principle,https://www.capveri.com/resources/pro-rata-share-calculation,illustrative_example,yes
0679,2026-06-03-0700-erp-workarounds-227.md,MRI export review should leave a trail a second reviewer can follow.,workflow-principle,https://www.capveri.com/resources/export-cam-mri,post_body_statement_reviewed_against_source,no
0680,2026-06-03-0700-erp-workarounds-227.md,1. Start with the lease rule. MRI recovery billing still needs lease-level QA.,workflow-principle,https://www.capveri.com/resources/export-cam-mri,post_body_statement_reviewed_against_source,no
0681,2026-06-03-0700-erp-workarounds-227.md,"2. Check the source data. Compare share type, billing pool, lease exclusions, and gross-up rules before statements go out.",workflow-principle,https://www.capveri.com/resources/export-cam-mri,post_body_statement_reviewed_against_source,no
0682,2026-06-03-0800-war-stories-228.md,Pre-send QA can expose drift in an otherwise clean CAM statement.,workflow-principle,https://www.capveri.com/resources/cam-presend-checklist,post_body_statement_reviewed_against_source,no
0683,2026-06-03-0800-war-stories-228.md,"Before billing, run checks for pool membership, non-recoverable lines, gross-up, caps, and denominator changes.",workflow-principle,https://www.capveri.com/resources/cam-presend-checklist,post_body_statement_reviewed_against_source,no
0684,2026-06-03-0800-war-stories-228.md,One excluded GL account caught before billing is cleaner than a revised statement after billing.,workflow-principle,https://www.capveri.com/resources/cam-presend-checklist,illustrative_example,yes
0685,2026-06-03-0900-anti-integration-229.md,Export-based verification: the CAM check to run before billing.,workflow-principle,https://www.capveri.com/resources/data-migration-off-excel,post_body_statement_reviewed_against_source,no
0686,2026-06-03-0900-anti-integration-229.md,Start with the control question: CAM verification can work from exports without replacing the ERP.,workflow-principle,https://www.capveri.com/resources/data-migration-off-excel,post_body_statement_reviewed_against_source,no
0687,2026-06-03-0900-anti-integration-229.md,"Source check: use CSV, Excel, and PDF outputs as the input layer.",workflow-principle,https://www.capveri.com/resources/data-migration-off-excel,post_body_statement_reviewed_against_source,no
0688,2026-06-03-1000-cam-math-230.md,"If the review for CapEx vs. OpEx is hard to explain, the packet needs work.",workflow-principle,https://www.capveri.com/resources/capex-detection-cam,post_body_statement_reviewed_against_source,no
0689,2026-06-03-1000-cam-math-230.md,"Before billing, compare repair accounts against descriptions that suggest upgrades or useful-life changes.",workflow-principle,https://www.capveri.com/resources/capex-detection-cam,post_body_statement_reviewed_against_source,no
0690,2026-06-03-1000-cam-math-230.md,The GL account name may say maintenance while the invoice description points to an improvement.,workflow-principle,https://www.capveri.com/resources/capex-detection-cam,illustrative_example,yes
0691,2026-06-03-1100-industry-news-231.md,BOMA 2024: verify the source before you explain the number.,workflow-principle,https://www.capveri.com/resources/boma-2024-implementation-guide,post_body_statement_reviewed_against_source,no
0692,2026-06-03-1100-industry-news-231.md,"The useful visual is simple: CAM number on one side; source, rule, and trace on the other.",workflow-principle,https://www.capveri.com/resources/boma-2024-implementation-guide,post_body_statement_reviewed_against_source,no
0693,2026-06-03-1100-industry-news-231.md,"The packet should make the next reviewer faster, not dependent on the original preparer.",workflow-principle,https://www.capveri.com/resources/boma-2024-implementation-guide,post_body_statement_reviewed_against_source,no
0694,2026-06-03-1200-cam-math-232.md,A review of management fees belongs in CAM close before final billing.,workflow-principle,https://www.capveri.com/resources/admin-fee-calculation-methods,post_body_statement_reviewed_against_source,no
0695,2026-06-03-1200-cam-math-232.md,1. Start with the lease rule. Management fees depend on the lease basis and any fee cap.,workflow-principle,https://www.capveri.com/resources/admin-fee-calculation-methods,post_body_statement_reviewed_against_source,no
0696,2026-06-03-1200-cam-math-232.md,"2. Check the source data. Verify whether the fee is calculated on gross rent, recoverable expenses, or another base.",workflow-principle,https://www.capveri.com/resources/admin-fee-calculation-methods,post_body_statement_reviewed_against_source,no
0697,2026-06-03-1300-erp-workarounds-233.md,"If the review for RealPage export review is hard to explain, the packet needs work.",workflow-principle,https://www.capveri.com/resources/export-cam-realpage,post_body_statement_reviewed_against_source,no
0698,2026-06-03-1300-erp-workarounds-233.md,"Before billing, confirm pool membership, exclusions, caps, and date range settings.",workflow-principle,https://www.capveri.com/resources/export-cam-realpage,post_body_statement_reviewed_against_source,no
0699,2026-06-03-1300-erp-workarounds-233.md,A reimbursement pool can include the right GL accounts but the wrong tenant allocation rule.,workflow-principle,https://www.capveri.com/resources/export-cam-realpage,illustrative_example,yes
0700,2026-06-03-1400-war-stories-234.md,A clean close file shows how the calculation audit trail moved from source to tenant answer.,workflow-principle,https://www.capveri.com/resources/self-audit-cam-billing,post_body_statement_reviewed_against_source,no
0701,2026-06-03-1400-war-stories-234.md,Input: a calculation audit trail connects each output back to its source.,workflow-principle,https://www.capveri.com/resources/self-audit-cam-billing,post_body_statement_reviewed_against_source,no
0702,2026-06-03-1400-war-stories-234.md,"Review: keep GL line, pool assignment, lease clause, factor, cap rule, and tenant allocation together.",workflow-principle,https://www.capveri.com/resources/self-audit-cam-billing,post_body_statement_reviewed_against_source,no
0703,2026-06-03-1500-cam-math-235.md,"If the review for the gross-up factor is hard to explain, the packet needs work.",workflow-principle,https://www.capveri.com/resources/cam-gross-up-calculation-guide,post_body_statement_reviewed_against_source,no
0704,2026-06-03-1500-cam-math-235.md,"Before billing, compare actual occupancy to the lease target before applying a factor.",workflow-principle,https://www.capveri.com/resources/cam-gross-up-calculation-guide,post_body_statement_reviewed_against_source,no
0705,2026-06-03-1500-cam-math-235.md,"If actual occupancy is already at or above the target, the factor should be 1.0.",workflow-principle,https://www.capveri.com/resources/cam-gross-up-calculation-guide,illustrative_example,yes
0706,2026-06-03-1600-anti-integration-236.md,Deterministic CAM math should leave a trail a second reviewer can follow.,workflow-principle,https://www.capveri.com/resources/deterministic-vs-ai-cam,post_body_statement_reviewed_against_source,no
0707,2026-06-03-1600-anti-integration-236.md,1. Start with the lease rule. Financial math should be deterministic and auditable.,workflow-principle,https://www.capveri.com/resources/deterministic-vs-ai-cam,post_body_statement_reviewed_against_source,no
0708,2026-06-03-1600-anti-integration-236.md,"2. Check the source data. Use rules, formulas, and source-backed inputs for allocations.",workflow-principle,https://www.capveri.com/resources/deterministic-vs-ai-cam,post_body_statement_reviewed_against_source,no
0709,2026-06-03-1700-founder-237.md,Start with the controller workflow.,workflow-principle,https://www.capveri.com/resources/multi-property-cam-workflow,post_body_statement_reviewed_against_source,no
0710,2026-06-03-1700-founder-237.md,Lease rule: controllers need exception visibility before they need prettier statements.,workflow-principle,https://www.capveri.com/resources/multi-property-cam-workflow,post_body_statement_reviewed_against_source,no
0711,2026-06-03-1700-founder-237.md,"Source file: prioritize what changed, what failed, what needs approval, and what is ready to send.",workflow-principle,https://www.capveri.com/resources/multi-property-cam-workflow,post_body_statement_reviewed_against_source,no
0712,2026-06-03-1800-cam-math-238.md,Watch CAM caps before final billing.,workflow-principle,https://www.capveri.com/resources/cam-expense-caps,post_body_statement_reviewed_against_source,no
0713,2026-06-03-1800-cam-math-238.md,"Before billing, confirm whether each cap is cumulative, non-cumulative, compounded, or fixed.",workflow-principle,https://www.capveri.com/resources/cam-expense-caps,post_body_statement_reviewed_against_source,no
0714,2026-06-03-1800-cam-math-238.md,A 5 percent cap can behave very differently depending on whether unused cap room carries forward.,workflow-principle,https://www.capveri.com/resources/cam-expense-caps,illustrative_example,yes
0715,2026-06-03-1900-product-239.md,Which issue around the sample report slows down CAM close the most?,workflow-principle,https://www.capveri.com/sample-report,post_body_statement_reviewed_against_source,no
0716,2026-06-03-1900-product-239.md,A. Missing source support,post-body-guidance,https://www.capveri.com/sample-report,post_body_statement_reviewed_against_source,no
0717,2026-06-03-1900-product-239.md,B. Lease-rule ambiguity,post-body-guidance,https://www.capveri.com/sample-report,post_body_statement_reviewed_against_source,no
0718,2026-06-03-2000-engagement-240.md,Which part of deterministic CAM math creates the most back-and-forth during close?,workflow-principle,https://www.capveri.com/resources/deterministic-vs-ai-cam,post_body_statement_reviewed_against_source,no
0719,2026-06-03-2000-engagement-240.md,"The math, the source data, the lease interpretation, or the tenant packet support?",workflow-principle,https://www.capveri.com/resources/deterministic-vs-ai-cam,post_body_statement_reviewed_against_source,no
0720,2026-06-03-2000-engagement-240.md,"The cleanest fix is usually a better source note, not a longer explanation.",workflow-principle,https://www.capveri.com/resources/deterministic-vs-ai-cam,post_body_statement_reviewed_against_source,no
0721,2026-06-04-0600-cam-math-241.md,CAM teams do not need more ceremony. They need better checks around the base-year stop.,workflow-principle,https://www.capveri.com/resources/base-year-expense-stop,post_body_statement_reviewed_against_source,no
0722,2026-06-04-0600-cam-math-241.md,1. Start with the lease rule. Base-year leases compare current recoverable expenses against a baseline year.,workflow-principle,https://www.capveri.com/resources/base-year-expense-stop,post_body_statement_reviewed_against_source,no
0723,2026-06-04-0600-cam-math-241.md,2. Check the source data. Normalize one-time items before using the base year as a benchmark.,workflow-principle,https://www.capveri.com/resources/base-year-expense-stop,post_body_statement_reviewed_against_source,no
0724,2026-06-04-0700-erp-workarounds-242.md,A tenant question about GL export QA should not require rebuilding the workbook.,workflow-principle,https://www.capveri.com/resources/gl-analysis-explained,post_body_statement_reviewed_against_source,no
0725,2026-06-04-0700-erp-workarounds-242.md,"Before billing, check date filters, accrual timing, entity scope, and excluded accounts.",workflow-principle,https://www.capveri.com/resources/gl-analysis-explained,post_body_statement_reviewed_against_source,no
0726,2026-06-04-0700-erp-workarounds-242.md,A late-posted accrual can be outside the export even when the report total ties to the ledger run.,workflow-principle,https://www.capveri.com/resources/gl-analysis-explained,illustrative_example,yes
0727,2026-06-04-0800-war-stories-243.md,Audit defense packet: the CAM check to run before billing.,workflow-principle,https://www.capveri.com/resources/landlord-cam-audit-defense-playbook,post_body_statement_reviewed_against_source,no
0728,2026-06-04-0800-war-stories-243.md,Start with the control question: tenant questions are easier to answer when the packet already explains the math.,workflow-principle,https://www.capveri.com/resources/landlord-cam-audit-defense-playbook,post_body_statement_reviewed_against_source,no
0729,2026-06-04-0800-war-stories-243.md,"Source check: include source export, lease clause reference, calculation trace, and variance notes.",workflow-principle,https://www.capveri.com/resources/landlord-cam-audit-defense-playbook,post_body_statement_reviewed_against_source,no
0730,2026-06-04-0900-anti-integration-244.md,Spreadsheet risk: one small setup choice can change the tenant answer.,workflow-principle,https://www.capveri.com/resources/data-migration-off-excel,post_body_statement_reviewed_against_source,no
0731,2026-06-04-0900-anti-integration-244.md,"Before billing, check hard-coded factors, copied formulas, hidden tabs, and stale denominators.",workflow-principle,https://www.capveri.com/resources/data-migration-off-excel,post_body_statement_reviewed_against_source,no
0732,2026-06-04-0900-anti-integration-244.md,A workbook can pass tie-out while one tenant row still points to last year's denominator.,workflow-principle,https://www.capveri.com/resources/data-migration-off-excel,illustrative_example,yes
0733,2026-06-04-1000-cam-math-245.md,A clean close file shows how the pro-rata denominator moved from source to tenant answer.,workflow-principle,https://www.capveri.com/resources/pro-rata-share-calculation,post_body_statement_reviewed_against_source,no
0734,2026-06-04-1000-cam-math-245.md,Setup: a tenant share is only as reliable as the denominator behind it.,workflow-principle,https://www.capveri.com/resources/pro-rata-share-calculation,post_body_statement_reviewed_against_source,no
0735,2026-06-04-1000-cam-math-245.md,"Drift: match the denominator to the lease, not just the building setup screen.",workflow-principle,https://www.capveri.com/resources/pro-rata-share-calculation,post_body_statement_reviewed_against_source,no
0736,2026-06-04-1100-industry-news-246.md,California SB 1103: one small setup choice can change the tenant answer.,workflow-principle,https://www.capveri.com/resources/sb-1103-compliance,post_body_statement_reviewed_against_source,no
0737,2026-06-04-1100-industry-news-246.md,"Before billing, separate legal interpretation from accounting support and keep the source documentation ready.",workflow-principle,https://www.capveri.com/resources/sb-1103-compliance,post_body_statement_reviewed_against_source,no
0738,2026-06-04-1100-industry-news-246.md,A disclosure obligation is much easier to handle when the GL export and allocation logic are already organized.,workflow-principle,https://www.capveri.com/resources/sb-1103-compliance,illustrative_example,yes
0739,2026-06-04-1200-cam-math-247.md,A review of CapEx vs. OpEx belongs in CAM close before final billing.,workflow-principle,https://www.capveri.com/resources/capex-detection-cam,post_body_statement_reviewed_against_source,no
0740,2026-06-04-1200-cam-math-247.md,1. Start with the lease rule. Capital projects need separate recoverability review before they enter a CAM pool.,workflow-principle,https://www.capveri.com/resources/capex-detection-cam,post_body_statement_reviewed_against_source,no
0741,2026-06-04-1200-cam-math-247.md,2. Check the source data. Look for capitalization clues before the line enters a recoverable pool.,workflow-principle,https://www.capveri.com/resources/capex-detection-cam,post_body_statement_reviewed_against_source,no
0742,2026-06-04-1300-erp-workarounds-248.md,A correct ERP report means the system followed its setup. It does not by itself show the setup matches the lease.,workflow-principle,https://www.capveri.com/resources/export-cam-yardi-voyager,post_body_statement_reviewed_against_source,no
0743,2026-06-04-1300-erp-workarounds-248.md,"The useful visual is simple: CAM number on one side; source, rule, and trace on the other.",workflow-principle,https://www.capveri.com/resources/export-cam-yardi-voyager,post_body_statement_reviewed_against_source,no
0744,2026-06-04-1300-erp-workarounds-248.md,"If the backup lives outside the packet, add the reference before statements go out.",workflow-principle,https://www.capveri.com/resources/export-cam-yardi-voyager,post_body_statement_reviewed_against_source,no
0745,2026-06-04-1400-war-stories-249.md,Watch tenant dispute prep in the tenant packet.,workflow-principle,https://www.capveri.com/resources/tenant-cam-dispute,post_body_statement_reviewed_against_source,no
0746,2026-06-04-1400-war-stories-249.md,"Before billing, review the lines tenants are most likely to question before the packet is sent.",workflow-principle,https://www.capveri.com/resources/tenant-cam-dispute,post_body_statement_reviewed_against_source,no
0747,2026-06-04-1400-war-stories-249.md,"Taxes, insurance, management fees, CapEx, and administrative charges need especially clear support.",workflow-principle,https://www.capveri.com/resources/tenant-cam-dispute,illustrative_example,yes
0748,2026-06-04-1500-cam-math-250.md,The quiet risk in management fees starts before the statement is formatted.,workflow-principle,https://www.capveri.com/resources/admin-fee-calculation-methods,post_body_statement_reviewed_against_source,no
0749,2026-06-04-1500-cam-math-250.md,"What to verify: verify whether the fee is calculated on gross rent, recoverable expenses, or another base.",workflow-principle,https://www.capveri.com/resources/admin-fee-calculation-methods,post_body_statement_reviewed_against_source,no
0750,2026-06-04-1500-cam-math-250.md,What can go wrong: Applying a fee to an expense pool that already includes the fee can create circular math.,workflow-principle,https://www.capveri.com/resources/admin-fee-calculation-methods,illustrative_example,yes
0751,2026-06-04-1600-anti-integration-251.md,The fastest review of export-based verification starts with the source file.,workflow-principle,https://www.capveri.com/resources/data-migration-off-excel,post_body_statement_reviewed_against_source,no
0752,2026-06-04-1600-anti-integration-251.md,"Before billing, use CSV, Excel, and PDF outputs as the input layer.",workflow-principle,https://www.capveri.com/resources/data-migration-off-excel,post_body_statement_reviewed_against_source,no
0753,2026-06-04-1600-anti-integration-251.md,"Keep Yardi or MRI as the system of record, then run an independent lease-term calculation beside it.",workflow-principle,https://www.capveri.com/resources/data-migration-off-excel,illustrative_example,yes
0754,2026-06-04-1700-founder-252.md,"The hard part is keeping the export, lease rule, and exception trail together.",workflow-principle,https://www.capveri.com/resources/year-end-close-checklist-cam,post_body_statement_reviewed_against_source,no
0755,2026-06-04-1700-founder-252.md,"It is the setup behind the arithmetic. Reserve time for export QA, lease-rule review, exception resolution, and packet assembly.",workflow-principle,https://www.capveri.com/resources/year-end-close-checklist-cam,post_body_statement_reviewed_against_source,no
0756,2026-06-04-1700-founder-252.md,"CapVeri keeps export review, lease-term logic, and the calculation record in one review path.",product-positioning,https://www.capveri.com/resources/year-end-close-checklist-cam,post_body_statement_reviewed_against_source,no
0757,2026-06-04-1800-cam-math-253.md,Where do tenant questions about the gross-up factor usually start?,workflow-principle,https://www.capveri.com/resources/cam-gross-up-calculation-guide,post_body_statement_reviewed_against_source,no
0758,2026-06-04-1800-cam-math-253.md,A. Taxes and insurance,post-body-guidance,https://www.capveri.com/resources/cam-gross-up-calculation-guide,post_body_statement_reviewed_against_source,no
0759,2026-06-04-1800-cam-math-253.md,B. Management fees,post-body-guidance,https://www.capveri.com/resources/cam-gross-up-calculation-guide,post_body_statement_reviewed_against_source,no
0760,2026-06-04-1900-product-254.md,Spreadsheets and ERP setup screens can show the output.,workflow-principle,https://www.capveri.com/product-tour,post_body_statement_reviewed_against_source,no
0761,2026-06-04-1900-product-254.md,"CapVeri keeps the export, lease rule, exception, and tenant-level trace in one review path.",product-positioning,https://www.capveri.com/product-tour,post_body_statement_reviewed_against_source,no
0762,2026-06-04-1900-product-254.md,"Upload the export, map the lease rules, then review tenant-level exceptions before statements go out.",workflow-principle,https://www.capveri.com/product-tour,illustrative_example,yes
0763,2026-06-04-2000-engagement-255.md,Which part of spreadsheet risk creates the most back-and-forth during close?,workflow-principle,https://www.capveri.com/resources/data-migration-off-excel,post_body_statement_reviewed_against_source,no
0764,2026-06-04-2000-engagement-255.md,"The math, the source data, the lease interpretation, or the tenant packet support?",workflow-principle,https://www.capveri.com/resources/data-migration-off-excel,post_body_statement_reviewed_against_source,no
0765,2026-06-04-2000-engagement-255.md,Save the setup screenshot or export parameter while the file is still open.,workflow-principle,https://www.capveri.com/resources/data-migration-off-excel,post_body_statement_reviewed_against_source,no
0766,2026-06-05-0600-cam-math-256.md,"If the review for CAM caps is hard to explain, the packet needs work.",workflow-principle,https://www.capveri.com/resources/cam-expense-caps,post_body_statement_reviewed_against_source,no
0767,2026-06-05-0600-cam-math-256.md,"Before billing, confirm whether each cap is cumulative, non-cumulative, compounded, or fixed.",workflow-principle,https://www.capveri.com/resources/cam-expense-caps,post_body_statement_reviewed_against_source,no
0768,2026-06-05-0600-cam-math-256.md,A 5 percent cap can behave very differently depending on whether unused cap room carries forward.,workflow-principle,https://www.capveri.com/resources/cam-expense-caps,illustrative_example,yes
0769,2026-06-05-0700-erp-workarounds-257.md,MRI export review: the CAM check to run before billing.,workflow-principle,https://www.capveri.com/resources/export-cam-mri,post_body_statement_reviewed_against_source,no
0770,2026-06-05-0700-erp-workarounds-257.md,Start with the control question: MRI recovery billing still needs lease-level QA.,workflow-principle,https://www.capveri.com/resources/export-cam-mri,post_body_statement_reviewed_against_source,no
0771,2026-06-05-0700-erp-workarounds-257.md,"Source check: compare share type, billing pool, lease exclusions, and gross-up rules before statements go out.",workflow-principle,https://www.capveri.com/resources/export-cam-mri,post_body_statement_reviewed_against_source,no
0772,2026-06-05-0800-war-stories-258.md,"If the review for pre-send QA is hard to explain, the packet needs work.",workflow-principle,https://www.capveri.com/resources/cam-presend-checklist,post_body_statement_reviewed_against_source,no
0773,2026-06-05-0800-war-stories-258.md,"Before billing, run checks for pool membership, non-recoverable lines, gross-up, caps, and denominator changes.",workflow-principle,https://www.capveri.com/resources/cam-presend-checklist,post_body_statement_reviewed_against_source,no
0774,2026-06-05-0800-war-stories-258.md,One excluded GL account caught before billing is cleaner than a revised statement after billing.,workflow-principle,https://www.capveri.com/resources/cam-presend-checklist,illustrative_example,yes
0775,2026-06-05-0900-anti-integration-259.md,The packet gets easier to review when deterministic CAM math is documented early.,workflow-principle,https://www.capveri.com/resources/deterministic-vs-ai-cam,post_body_statement_reviewed_against_source,no
0776,2026-06-05-0900-anti-integration-259.md,1. Start with the lease rule. Financial math should be deterministic and auditable.,workflow-principle,https://www.capveri.com/resources/deterministic-vs-ai-cam,post_body_statement_reviewed_against_source,no
0777,2026-06-05-0900-anti-integration-259.md,"2. Check the source data. Use rules, formulas, and source-backed inputs for allocations.",workflow-principle,https://www.capveri.com/resources/deterministic-vs-ai-cam,post_body_statement_reviewed_against_source,no
0778,2026-06-05-1000-cam-math-260.md,Base-year stop: one small setup choice can change the tenant answer.,workflow-principle,https://www.capveri.com/resources/base-year-expense-stop,post_body_statement_reviewed_against_source,no
0779,2026-06-05-1000-cam-math-260.md,"Before billing, normalize one-time items before using the base year as a benchmark.",workflow-principle,https://www.capveri.com/resources/base-year-expense-stop,post_body_statement_reviewed_against_source,no
0780,2026-06-05-1000-cam-math-260.md,Storm cleanup in the base year should not quietly lower recoveries for every later year.,workflow-principle,https://www.capveri.com/resources/base-year-expense-stop,illustrative_example,yes
0781,2026-06-05-1100-industry-news-261.md,Property tax pass-throughs is a small review step that can change the tenant answer.,workflow-principle,https://www.capveri.com/resources/real-estate-tax-reconciliation,post_body_statement_reviewed_against_source,no
0782,2026-06-05-1100-industry-news-261.md,Setup: tax pass-throughs can move tenant charges quickly.,workflow-principle,https://www.capveri.com/resources/real-estate-tax-reconciliation,post_body_statement_reviewed_against_source,no
0783,2026-06-05-1100-industry-news-261.md,"Drift: separate assessment changes, refunds, appeals, and prior-year adjustments.",workflow-principle,https://www.capveri.com/resources/real-estate-tax-reconciliation,post_body_statement_reviewed_against_source,no
0784,2026-06-05-1200-cam-math-262.md,Pro-rata denominator can expose drift in an otherwise clean CAM statement.,workflow-principle,https://www.capveri.com/resources/pro-rata-share-calculation,post_body_statement_reviewed_against_source,no
0785,2026-06-05-1200-cam-math-262.md,"Before billing, match the denominator to the lease, not just the building setup screen.",workflow-principle,https://www.capveri.com/resources/pro-rata-share-calculation,post_body_statement_reviewed_against_source,no
0786,2026-06-05-1200-cam-math-262.md,"Building RSF, occupied RSF, floor RSF, and pool RSF can all produce different percentages.",workflow-principle,https://www.capveri.com/resources/pro-rata-share-calculation,illustrative_example,yes
0787,2026-06-05-1300-erp-workarounds-263.md,The fastest review of RealPage export review starts with the source file.,workflow-principle,https://www.capveri.com/resources/export-cam-realpage,post_body_statement_reviewed_against_source,no
0788,2026-06-05-1300-erp-workarounds-263.md,"Before billing, confirm pool membership, exclusions, caps, and date range settings.",workflow-principle,https://www.capveri.com/resources/export-cam-realpage,post_body_statement_reviewed_against_source,no
0789,2026-06-05-1300-erp-workarounds-263.md,A reimbursement pool can include the right GL accounts but the wrong tenant allocation rule.,workflow-principle,https://www.capveri.com/resources/export-cam-realpage,illustrative_example,yes
0790,2026-06-05-1400-war-stories-264.md,A review of the calculation audit trail belongs in CAM close before final billing.,workflow-principle,https://www.capveri.com/resources/self-audit-cam-billing,post_body_statement_reviewed_against_source,no
0791,2026-06-05-1400-war-stories-264.md,1. Start with the lease rule. A calculation audit trail connects each output back to its source.,workflow-principle,https://www.capveri.com/resources/self-audit-cam-billing,post_body_statement_reviewed_against_source,no
0792,2026-06-05-1400-war-stories-264.md,"2. Check the source data. Keep GL line, pool assignment, lease clause, factor, cap rule, and tenant allocation together.",workflow-principle,https://www.capveri.com/resources/self-audit-cam-billing,post_body_statement_reviewed_against_source,no
0793,2026-06-05-1500-cam-math-265.md,The quiet risk in CapEx vs. OpEx starts before the statement is formatted.,workflow-principle,https://www.capveri.com/resources/capex-detection-cam,post_body_statement_reviewed_against_source,no
0794,2026-06-05-1500-cam-math-265.md,What to verify: look for capitalization clues before the line enters a recoverable pool.,workflow-principle,https://www.capveri.com/resources/capex-detection-cam,post_body_statement_reviewed_against_source,no
0795,2026-06-05-1500-cam-math-265.md,What can go wrong: A repairs account can include invoices that deserve a capital-project check.,workflow-principle,https://www.capveri.com/resources/capex-detection-cam,illustrative_example,yes
0796,2026-06-05-1600-anti-integration-266.md,Check spreadsheet risk before the packet leaves accounting.,workflow-principle,https://www.capveri.com/resources/data-migration-off-excel,post_body_statement_reviewed_against_source,no
0797,2026-06-05-1600-anti-integration-266.md,"Before billing, check hard-coded factors, copied formulas, hidden tabs, and stale denominators.",workflow-principle,https://www.capveri.com/resources/data-migration-off-excel,post_body_statement_reviewed_against_source,no
0798,2026-06-05-1600-anti-integration-266.md,A workbook can pass tie-out while one tenant row still points to last year's denominator.,workflow-principle,https://www.capveri.com/resources/data-migration-off-excel,illustrative_example,yes
0799,2026-06-05-1700-founder-267.md,"In CAM close, the final arithmetic is usually the easy part.",workflow-principle,https://www.capveri.com/resources/multi-property-cam-workflow,post_body_statement_reviewed_against_source,no
0800,2026-06-05-1700-founder-267.md,"It is the setup behind the arithmetic. Prioritize what changed, what failed, what needs approval, and what is ready to send.",workflow-principle,https://www.capveri.com/resources/multi-property-cam-workflow,post_body_statement_reviewed_against_source,no
0801,2026-06-05-1700-founder-267.md,"CapVeri keeps export review, lease-term logic, and the calculation record in one review path.",product-positioning,https://www.capveri.com/resources/multi-property-cam-workflow,post_body_statement_reviewed_against_source,no
0802,2026-06-05-1800-cam-math-268.md,Management fees should leave a trail a second reviewer can follow.,workflow-principle,https://www.capveri.com/resources/admin-fee-calculation-methods,post_body_statement_reviewed_against_source,no
0803,2026-06-05-1800-cam-math-268.md,1. Start with the lease rule. Management fees depend on the lease basis and any fee cap.,workflow-principle,https://www.capveri.com/resources/admin-fee-calculation-methods,post_body_statement_reviewed_against_source,no
0804,2026-06-05-1800-cam-math-268.md,"2. Check the source data. Verify whether the fee is calculated on gross rent, recoverable expenses, or another base.",workflow-principle,https://www.capveri.com/resources/admin-fee-calculation-methods,post_body_statement_reviewed_against_source,no
0805,2026-06-05-1900-product-269.md,A CAM total is not support. The support is the trace behind it.,workflow-principle,https://www.capveri.com/sample-report,post_body_statement_reviewed_against_source,no
0806,2026-06-05-1900-product-269.md,"The useful visual is simple: CAM number on one side; source, rule, and trace on the other.",workflow-principle,https://www.capveri.com/sample-report,post_body_statement_reviewed_against_source,no
0807,2026-06-05-1900-product-269.md,"If the review depends on judgment, write down the judgment while it is fresh.",workflow-principle,https://www.capveri.com/sample-report,post_body_statement_reviewed_against_source,no
0808,2026-06-05-2000-engagement-270.md,Which issue around BOMA 2024 slows down CAM close the most?,workflow-principle,https://www.capveri.com/resources/boma-2024-implementation-guide,post_body_statement_reviewed_against_source,no
0809,2026-06-05-2000-engagement-270.md,A. Missing source support,post-body-guidance,https://www.capveri.com/resources/boma-2024-implementation-guide,post_body_statement_reviewed_against_source,no
0810,2026-06-05-2000-engagement-270.md,B. Lease-rule ambiguity,post-body-guidance,https://www.capveri.com/resources/boma-2024-implementation-guide,post_body_statement_reviewed_against_source,no
0811,2026-06-06-0600-cam-math-271.md,A CAM total is not support. The support is the trace behind it.,workflow-principle,https://www.capveri.com/resources/cam-gross-up-calculation-guide,post_body_statement_reviewed_against_source,no
0812,2026-06-06-0600-cam-math-271.md,"The useful visual is simple: CAM number on one side; source, rule, and trace on the other.",workflow-principle,https://www.capveri.com/resources/cam-gross-up-calculation-guide,post_body_statement_reviewed_against_source,no
0813,2026-06-06-0600-cam-math-271.md,A review-ready packet does not need drama. It needs traceable inputs.,workflow-principle,https://www.capveri.com/resources/cam-gross-up-calculation-guide,post_body_statement_reviewed_against_source,no
0814,2026-06-06-0700-erp-workarounds-272.md,Check GL export QA before the packet leaves accounting.,workflow-principle,https://www.capveri.com/resources/gl-analysis-explained,post_body_statement_reviewed_against_source,no
0815,2026-06-06-0700-erp-workarounds-272.md,"Before billing, check date filters, accrual timing, entity scope, and excluded accounts.",workflow-principle,https://www.capveri.com/resources/gl-analysis-explained,post_body_statement_reviewed_against_source,no
0816,2026-06-06-0700-erp-workarounds-272.md,A late-posted accrual can be outside the export even when the report total ties to the ledger run.,workflow-principle,https://www.capveri.com/resources/gl-analysis-explained,illustrative_example,yes
0817,2026-06-06-0800-war-stories-273.md,A review of the audit defense packet belongs in CAM close before final billing.,workflow-principle,https://www.capveri.com/resources/landlord-cam-audit-defense-playbook,post_body_statement_reviewed_against_source,no
0818,2026-06-06-0800-war-stories-273.md,1. Start with the lease rule. Tenant questions are easier to answer when the packet already explains the math.,workflow-principle,https://www.capveri.com/resources/landlord-cam-audit-defense-playbook,post_body_statement_reviewed_against_source,no
0819,2026-06-06-0800-war-stories-273.md,"2. Check the source data. Include source export, lease clause reference, calculation trace, and variance notes.",workflow-principle,https://www.capveri.com/resources/landlord-cam-audit-defense-playbook,post_body_statement_reviewed_against_source,no
0820,2026-06-06-0900-anti-integration-274.md,Watch export-based verification when the denominator changes.,workflow-principle,https://www.capveri.com/resources/data-migration-off-excel,post_body_statement_reviewed_against_source,no
0821,2026-06-06-0900-anti-integration-274.md,"Before billing, use CSV, Excel, and PDF outputs as the input layer.",workflow-principle,https://www.capveri.com/resources/data-migration-off-excel,post_body_statement_reviewed_against_source,no
0822,2026-06-06-0900-anti-integration-274.md,"Keep Yardi or MRI as the system of record, then run an independent lease-term calculation beside it.",workflow-principle,https://www.capveri.com/resources/data-migration-off-excel,illustrative_example,yes
0823,2026-06-06-1000-cam-math-275.md,Watch CAM caps when the denominator changes.,workflow-principle,https://www.capveri.com/resources/cam-expense-caps,post_body_statement_reviewed_against_source,no
0824,2026-06-06-1000-cam-math-275.md,"Before billing, confirm whether each cap is cumulative, non-cumulative, compounded, or fixed.",workflow-principle,https://www.capveri.com/resources/cam-expense-caps,post_body_statement_reviewed_against_source,no
0825,2026-06-06-1000-cam-math-275.md,A 5 percent cap can behave very differently depending on whether unused cap room carries forward.,workflow-principle,https://www.capveri.com/resources/cam-expense-caps,illustrative_example,yes
0826,2026-06-06-1100-industry-news-276.md,BOMA 2024 belongs in review before the packet goes out.,workflow-principle,https://www.capveri.com/resources/boma-2024-implementation-guide,post_body_statement_reviewed_against_source,no
0827,2026-06-06-1100-industry-news-276.md,Input: measurement changes can affect pro-rata shares and billing support.,workflow-principle,https://www.capveri.com/resources/boma-2024-implementation-guide,post_body_statement_reviewed_against_source,no
0828,2026-06-06-1100-industry-news-276.md,Review step: review lease language before applying a new measurement standard.,workflow-principle,https://www.capveri.com/resources/boma-2024-implementation-guide,post_body_statement_reviewed_against_source,no
0829,2026-06-06-1200-cam-math-277.md,A review of the base-year stop belongs in CAM close before final billing.,workflow-principle,https://www.capveri.com/resources/base-year-expense-stop,post_body_statement_reviewed_against_source,no
0830,2026-06-06-1200-cam-math-277.md,1. Start with the lease rule. Base-year leases compare current recoverable expenses against a baseline year.,workflow-principle,https://www.capveri.com/resources/base-year-expense-stop,post_body_statement_reviewed_against_source,no
0831,2026-06-06-1200-cam-math-277.md,2. Check the source data. Normalize one-time items before using the base year as a benchmark.,workflow-principle,https://www.capveri.com/resources/base-year-expense-stop,post_body_statement_reviewed_against_source,no
0832,2026-06-06-1300-erp-workarounds-278.md,Check Yardi export review before the packet leaves accounting.,workflow-principle,https://www.capveri.com/resources/export-cam-yardi-voyager,post_body_statement_reviewed_against_source,no
0833,2026-06-06-1300-erp-workarounds-278.md,"Before billing, review recovery pool, share type, gross-up, cap, and exclusion settings against the lease.",workflow-principle,https://www.capveri.com/resources/export-cam-yardi-voyager,post_body_statement_reviewed_against_source,no
0834,2026-06-06-1300-erp-workarounds-278.md,The report can run cleanly while one tenant uses the wrong share type.,workflow-principle,https://www.capveri.com/resources/export-cam-yardi-voyager,illustrative_example,yes
0835,2026-06-06-1400-war-stories-279.md,A tenant question about tenant dispute prep should not require rebuilding the workbook.,workflow-principle,https://www.capveri.com/resources/tenant-cam-dispute,post_body_statement_reviewed_against_source,no
0836,2026-06-06-1400-war-stories-279.md,"Before billing, review the lines tenants are most likely to question before the packet is sent.",workflow-principle,https://www.capveri.com/resources/tenant-cam-dispute,post_body_statement_reviewed_against_source,no
0837,2026-06-06-1400-war-stories-279.md,"Taxes, insurance, management fees, CapEx, and administrative charges need especially clear support.",workflow-principle,https://www.capveri.com/resources/tenant-cam-dispute,illustrative_example,yes
0838,2026-06-06-1500-cam-math-280.md,The packet is not ready until the pro-rata denominator is tied back to the source.,workflow-principle,https://www.capveri.com/resources/pro-rata-share-calculation,post_body_statement_reviewed_against_source,no
0839,2026-06-06-1500-cam-math-280.md,Input: a tenant share is only as reliable as the denominator behind it.,workflow-principle,https://www.capveri.com/resources/pro-rata-share-calculation,post_body_statement_reviewed_against_source,no
0840,2026-06-06-1500-cam-math-280.md,"Review: match the denominator to the lease, not just the building setup screen.",workflow-principle,https://www.capveri.com/resources/pro-rata-share-calculation,post_body_statement_reviewed_against_source,no
0841,2026-06-06-1600-anti-integration-281.md,The packet gets easier to review when deterministic CAM math is documented early.,workflow-principle,https://www.capveri.com/resources/deterministic-vs-ai-cam,post_body_statement_reviewed_against_source,no
0842,2026-06-06-1600-anti-integration-281.md,1. Start with the lease rule. Financial math should be deterministic and auditable.,workflow-principle,https://www.capveri.com/resources/deterministic-vs-ai-cam,post_body_statement_reviewed_against_source,no
0843,2026-06-06-1600-anti-integration-281.md,"2. Check the source data. Use rules, formulas, and source-backed inputs for allocations.",workflow-principle,https://www.capveri.com/resources/deterministic-vs-ai-cam,post_body_statement_reviewed_against_source,no
0844,2026-06-06-1700-founder-282.md,The part of CAM work that gets missed is usually upstream of the final statement.,workflow-principle,https://www.capveri.com/resources/year-end-close-checklist-cam,post_body_statement_reviewed_against_source,no
0845,2026-06-06-1700-founder-282.md,"It is the setup behind the arithmetic. Reserve time for export QA, lease-rule review, exception resolution, and packet assembly.",workflow-principle,https://www.capveri.com/resources/year-end-close-checklist-cam,post_body_statement_reviewed_against_source,no
0846,2026-06-06-1700-founder-282.md,"CapVeri keeps export review, lease-term logic, and the calculation record in one review path.",product-positioning,https://www.capveri.com/resources/year-end-close-checklist-cam,post_body_statement_reviewed_against_source,no
0847,2026-06-06-1800-cam-math-283.md,The quiet risk in CapEx vs. OpEx starts before the statement is formatted.,workflow-principle,https://www.capveri.com/resources/capex-detection-cam,post_body_statement_reviewed_against_source,no
0848,2026-06-06-1800-cam-math-283.md,What to verify: look for capitalization clues before the line enters a recoverable pool.,workflow-principle,https://www.capveri.com/resources/capex-detection-cam,post_body_statement_reviewed_against_source,no
0849,2026-06-06-1800-cam-math-283.md,What can go wrong: A repairs account can include invoices that deserve a capital-project check.,workflow-principle,https://www.capveri.com/resources/capex-detection-cam,illustrative_example,yes
0850,2026-06-06-1900-product-284.md,Spreadsheets and ERP setup screens can show the output.,workflow-principle,https://www.capveri.com/product-tour,post_body_statement_reviewed_against_source,no
0851,2026-06-06-1900-product-284.md,"CapVeri keeps the export, lease rule, exception, and tenant-level trace in one review path.",product-positioning,https://www.capveri.com/product-tour,post_body_statement_reviewed_against_source,no
0852,2026-06-06-1900-product-284.md,"Upload the export, map the lease rules, then review tenant-level exceptions before statements go out.",workflow-principle,https://www.capveri.com/product-tour,illustrative_example,yes
0853,2026-06-06-2000-engagement-285.md,What would make the next the gross-up factor review easier?,workflow-principle,https://www.capveri.com/resources/cam-gross-up-calculation-guide,post_body_statement_reviewed_against_source,no
0854,2026-06-06-2000-engagement-285.md,A. Clearer GL detail,post-body-guidance,https://www.capveri.com/resources/cam-gross-up-calculation-guide,post_body_statement_reviewed_against_source,no
0855,2026-06-06-2000-engagement-285.md,B. Better lease references,post-body-guidance,https://www.capveri.com/resources/cam-gross-up-calculation-guide,post_body_statement_reviewed_against_source,no
0856,2026-06-07-0600-cam-math-286.md,Management fees: one small setup choice can change the tenant answer.,workflow-principle,https://www.capveri.com/resources/admin-fee-calculation-methods,post_body_statement_reviewed_against_source,no
0857,2026-06-07-0600-cam-math-286.md,"Before billing, verify whether the fee is calculated on gross rent, recoverable expenses, or another base.",workflow-principle,https://www.capveri.com/resources/admin-fee-calculation-methods,post_body_statement_reviewed_against_source,no
0858,2026-06-07-0600-cam-math-286.md,Applying a fee to an expense pool that already includes the fee can create circular math.,workflow-principle,https://www.capveri.com/resources/admin-fee-calculation-methods,illustrative_example,yes
0859,2026-06-07-0700-erp-workarounds-287.md,Here is the review path for MRI export review.,workflow-principle,https://www.capveri.com/resources/export-cam-mri,post_body_statement_reviewed_against_source,no
0860,2026-06-07-0700-erp-workarounds-287.md,1. Start with the lease rule. MRI recovery billing still needs lease-level QA.,workflow-principle,https://www.capveri.com/resources/export-cam-mri,post_body_statement_reviewed_against_source,no
0861,2026-06-07-0700-erp-workarounds-287.md,"2. Check the source data. Compare share type, billing pool, lease exclusions, and gross-up rules before statements go out.",workflow-principle,https://www.capveri.com/resources/export-cam-mri,post_body_statement_reviewed_against_source,no
0862,2026-06-07-0800-war-stories-288.md,A signed reconciliation packet should not be the first time the math is reviewed end to end.,workflow-principle,https://www.capveri.com/resources/cam-presend-checklist,post_body_statement_reviewed_against_source,no
0863,2026-06-07-0800-war-stories-288.md,"The useful visual is simple: CAM number on one side; source, rule, and trace on the other.",workflow-principle,https://www.capveri.com/resources/cam-presend-checklist,post_body_statement_reviewed_against_source,no
0864,2026-06-07-0800-war-stories-288.md,"This check is small, but it keeps the packet from depending on memory.",workflow-principle,https://www.capveri.com/resources/cam-presend-checklist,post_body_statement_reviewed_against_source,no
0865,2026-06-07-0900-anti-integration-289.md,Spreadsheet risk: the CAM check to run before billing.,workflow-principle,https://www.capveri.com/resources/data-migration-off-excel,post_body_statement_reviewed_against_source,no
0866,2026-06-07-0900-anti-integration-289.md,"Start with the control question: Excel is flexible, but flexibility can hide broken assumptions.",workflow-principle,https://www.capveri.com/resources/data-migration-off-excel,post_body_statement_reviewed_against_source,no
0867,2026-06-07-0900-anti-integration-289.md,"Source check: check hard-coded factors, copied formulas, hidden tabs, and stale denominators.",workflow-principle,https://www.capveri.com/resources/data-migration-off-excel,post_body_statement_reviewed_against_source,no
0868,2026-06-07-1000-cam-math-290.md,A tenant question about the gross-up factor should not require rebuilding the workbook.,workflow-principle,https://www.capveri.com/resources/cam-gross-up-calculation-guide,post_body_statement_reviewed_against_source,no
0869,2026-06-07-1000-cam-math-290.md,"Before billing, compare actual occupancy to the lease target before applying a factor.",workflow-principle,https://www.capveri.com/resources/cam-gross-up-calculation-guide,post_body_statement_reviewed_against_source,no
0870,2026-06-07-1000-cam-math-290.md,"If actual occupancy is already at or above the target, the factor should be 1.0.",workflow-principle,https://www.capveri.com/resources/cam-gross-up-calculation-guide,illustrative_example,yes
0871,2026-06-07-1100-industry-news-291.md,Watch California SB 1103 when the denominator changes.,workflow-principle,https://www.capveri.com/resources/sb-1103-compliance,post_body_statement_reviewed_against_source,no
0872,2026-06-07-1100-industry-news-291.md,"Before billing, separate legal interpretation from accounting support and keep the source documentation ready.",workflow-principle,https://www.capveri.com/resources/sb-1103-compliance,post_body_statement_reviewed_against_source,no
0873,2026-06-07-1100-industry-news-291.md,A disclosure obligation is much easier to handle when the GL export and allocation logic are already organized.,workflow-principle,https://www.capveri.com/resources/sb-1103-compliance,illustrative_example,yes
0874,2026-06-07-1200-cam-math-292.md,A review of CAM caps belongs in CAM close before final billing.,workflow-principle,https://www.capveri.com/resources/cam-expense-caps,post_body_statement_reviewed_against_source,no
0875,2026-06-07-1200-cam-math-292.md,1. Start with the lease rule. Caps only work when the base amount and cap type are recorded correctly.,workflow-principle,https://www.capveri.com/resources/cam-expense-caps,post_body_statement_reviewed_against_source,no
0876,2026-06-07-1200-cam-math-292.md,"2. Check the source data. Confirm whether each cap is cumulative, non-cumulative, compounded, or fixed.",workflow-principle,https://www.capveri.com/resources/cam-expense-caps,post_body_statement_reviewed_against_source,no
0877,2026-06-07-1300-erp-workarounds-293.md,RealPage export review deserves a source check before anyone formats the packet.,workflow-principle,https://www.capveri.com/resources/export-cam-realpage,post_body_statement_reviewed_against_source,no
0878,2026-06-07-1300-erp-workarounds-293.md,Source: RealPage exports should be checked against lease terms before allocation.,workflow-principle,https://www.capveri.com/resources/export-cam-realpage,post_body_statement_reviewed_against_source,no
0879,2026-06-07-1300-erp-workarounds-293.md,"Lease: confirm pool membership, exclusions, caps, and date range settings.",workflow-principle,https://www.capveri.com/resources/export-cam-realpage,post_body_statement_reviewed_against_source,no
0880,2026-06-07-1400-war-stories-294.md,The fastest review of the calculation audit trail starts with the source file.,workflow-principle,https://www.capveri.com/resources/self-audit-cam-billing,post_body_statement_reviewed_against_source,no
0881,2026-06-07-1400-war-stories-294.md,"Before billing, keep GL line, pool assignment, lease clause, factor, cap rule, and tenant allocation together.",workflow-principle,https://www.capveri.com/resources/self-audit-cam-billing,post_body_statement_reviewed_against_source,no
0882,2026-06-07-1400-war-stories-294.md,"If a tenant asks why their share changed, the answer should not require rebuilding the workbook.",workflow-principle,https://www.capveri.com/resources/self-audit-cam-billing,illustrative_example,yes
0883,2026-06-07-1500-cam-math-295.md,A tenant question about the base-year stop should not require rebuilding the workbook.,workflow-principle,https://www.capveri.com/resources/base-year-expense-stop,post_body_statement_reviewed_against_source,no
0884,2026-06-07-1500-cam-math-295.md,"Before billing, normalize one-time items before using the base year as a benchmark.",workflow-principle,https://www.capveri.com/resources/base-year-expense-stop,post_body_statement_reviewed_against_source,no
0885,2026-06-07-1500-cam-math-295.md,Storm cleanup in the base year should not quietly lower recoveries for every later year.,workflow-principle,https://www.capveri.com/resources/base-year-expense-stop,illustrative_example,yes
0886,2026-06-07-1600-anti-integration-296.md,Export-based verification: the CAM check to run before billing.,workflow-principle,https://www.capveri.com/resources/data-migration-off-excel,post_body_statement_reviewed_against_source,no
0887,2026-06-07-1600-anti-integration-296.md,Start with the control question: CAM verification can work from exports without replacing the ERP.,workflow-principle,https://www.capveri.com/resources/data-migration-off-excel,post_body_statement_reviewed_against_source,no
0888,2026-06-07-1600-anti-integration-296.md,"Source check: use CSV, Excel, and PDF outputs as the input layer.",workflow-principle,https://www.capveri.com/resources/data-migration-off-excel,post_body_statement_reviewed_against_source,no
0889,2026-06-07-1700-founder-297.md,A cleaner CAM process starts before the PDF packet exists.,workflow-principle,https://www.capveri.com/resources/multi-property-cam-workflow,post_body_statement_reviewed_against_source,no
0890,2026-06-07-1700-founder-297.md,"It is the setup behind the arithmetic. Prioritize what changed, what failed, what needs approval, and what is ready to send.",workflow-principle,https://www.capveri.com/resources/multi-property-cam-workflow,post_body_statement_reviewed_against_source,no
0891,2026-06-07-1700-founder-297.md,"CapVeri keeps export review, lease-term logic, and the calculation record in one review path.",product-positioning,https://www.capveri.com/resources/multi-property-cam-workflow,post_body_statement_reviewed_against_source,no
0892,2026-06-07-1800-cam-math-298.md,"If the review for the pro-rata denominator is hard to explain, the packet needs work.",workflow-principle,https://www.capveri.com/resources/pro-rata-share-calculation,post_body_statement_reviewed_against_source,no
0893,2026-06-07-1800-cam-math-298.md,"Before billing, match the denominator to the lease, not just the building setup screen.",workflow-principle,https://www.capveri.com/resources/pro-rata-share-calculation,post_body_statement_reviewed_against_source,no
0894,2026-06-07-1800-cam-math-298.md,"Building RSF, occupied RSF, floor RSF, and pool RSF can all produce different percentages.",workflow-principle,https://www.capveri.com/resources/pro-rata-share-calculation,illustrative_example,yes
0895,2026-06-07-1900-product-299.md,What would make the next the sample report review easier?,workflow-principle,https://www.capveri.com/sample-report,post_body_statement_reviewed_against_source,no
0896,2026-06-07-1900-product-299.md,A. Clearer GL detail,post-body-guidance,https://www.capveri.com/sample-report,post_body_statement_reviewed_against_source,no
0897,2026-06-07-1900-product-299.md,B. Better lease references,post-body-guidance,https://www.capveri.com/sample-report,post_body_statement_reviewed_against_source,no
0898,2026-06-07-2000-engagement-300.md,"If you could clean up one part of CAM caps before statements go out, what would you choose?",workflow-principle,https://www.capveri.com/resources/cam-expense-caps,post_body_statement_reviewed_against_source,no
0899,2026-06-07-2000-engagement-300.md,"The math, the source data, the lease interpretation, or the tenant packet support?",workflow-principle,https://www.capveri.com/resources/cam-expense-caps,post_body_statement_reviewed_against_source,no
0900,2026-06-07-2000-engagement-300.md,Capture the note before the packet becomes tenant-facing.,workflow-principle,https://www.capveri.com/resources/cam-expense-caps,post_body_statement_reviewed_against_source,no
