slot_id,filename,scheduled_date,scheduled_time,timezone,platform,account,content,hashtags,has_limited_offer,pillar,format,source_url
1,2026-05-19-0600-cam-math-001.md,2026-05-19,06:00,America/Chicago,linkedin,capveri,"A tenant question about the gross-up factor should not require rebuilding the workbook.

Before billing, compare actual occupancy to the lease target before applying a factor.

If actual occupancy is already at or above the target, the factor should be 1.0.

Separate fixed and variable expenses before the reconciliation run.

If the answer depends on a hidden workbook tab, move the support into the close file.

The tenant packet should make the next question easier to answer.

The reviewer should be able to see what changed since the prior run.

Keep gross-up limited to the expense categories the lease and review file support.

#camreconciliation #grossup #cre","[camreconciliation, grossup, cre]",false,cam-math,text-short,https://www.capveri.com/resources/cam-gross-up-calculation-guide
2,2026-05-19-0700-erp-workarounds-002.md,2026-05-19,07:00,America/Chicago,linkedin,capveri,"GL export QA should leave a trail a second reviewer can follow.

1. Start with the lease rule. An export can balance and still be incomplete for CAM work.

2. Check the source data. Check date filters, accrual timing, entity scope, and excluded accounts.

3. Run the calculation in a way someone else can follow. A late-posted accrual can be outside the export even when the report total ties to the ledger run.

4. Save the support. Save the export parameters with the reconciliation file.

Good CAM support follows the charge from source to tenant answer.

If the backup lives outside the packet, add the reference before statements go out.

#yardi #camreconciliation #propertyaccounting","[yardi, camreconciliation, propertyaccounting]",false,erp-workarounds,text-long,https://www.capveri.com/resources/gl-analysis-explained
3,2026-05-19-0800-war-stories-003.md,2026-05-19,08:00,America/Chicago,linkedin,capveri,"Audit defense packet: one small setup choice can change the tenant answer.

Before billing, include source export, lease clause reference, calculation trace, and variance notes.

A tenant asking about landscaping should see the GL lines, allocation basis, and exclusion review.

Build the audit trail before sending the statement.

A controller should be able to review this without reopening last year's workbook.

The best exception queue is short, specific, and resolved before billing.

This is a good place to capture who approved the exception and why.

Waiting until an auditor asks for support usually creates more work than assembling it up front.

#camaudit #camreconciliation #propertymanagement","[camaudit, camreconciliation, propertymanagement]",false,war-stories,text-short,https://www.capveri.com/resources/landlord-cam-audit-defense-playbook
4,2026-05-19-0900-anti-integration-004.md,2026-05-19,09:00,America/Chicago,linkedin,capveri,"Start with export-based verification.

Lease rule: CAM verification can work from exports without replacing the ERP.

Source file: use CSV, Excel, and PDF outputs as the input layer.

Tenant impact: Keep Yardi or MRI as the system of record, then run an independent lease-term calculation beside it.

Close file: Verify the output before changing the system.

Treat the exception note as part of the reconciliation, not an afterthought.

The cleanest workflow keeps the source export and lease rule beside the output.

#cretech #camreconciliation #yardi","[cretech, camreconciliation, yardi]",false,anti-integration,carousel,https://www.capveri.com/resources/data-migration-off-excel
5,2026-05-19-1000-cam-math-005.md,2026-05-19,10:00,America/Chicago,linkedin,capveri,"CAM caps can expose drift in an otherwise clean CAM statement.

Before billing, confirm whether each cap is cumulative, non-cumulative, compounded, or fixed.

A 5 percent cap can behave very differently depending on whether unused cap room carries forward.

Keep a cap ledger by tenant and year.

The reviewer needs enough detail to approve the charge without guessing.

Do the work while the context is fresh.

If the rule is portfolio-specific, name the portfolio policy in the file.

A cap field without the cap type is not enough support for a tenant packet.

#camreconciliation #expensecaps #propertyaccounting","[camreconciliation, expensecaps, propertyaccounting]",false,cam-math,text-short,https://www.capveri.com/resources/cam-expense-caps
6,2026-05-19-1100-industry-news-006.md,2026-05-19,11:00,America/Chicago,linkedin,capveri,"BOMA 2024: verify the source before you explain the number.

The useful visual is simple: CAM number on one side; source, rule, and trace on the other.

If the rule is portfolio-specific, name the portfolio policy in the file.

#boma2024 #camreconciliation #cre","[boma2024, camreconciliation, cre]",false,industry-news,image-quote,https://www.capveri.com/resources/boma-2024-implementation-guide
7,2026-05-19-1200-cam-math-007.md,2026-05-19,12:00,America/Chicago,linkedin,capveri,"A review of the base-year stop belongs in CAM close before final billing.

1. Start with the lease rule. Base-year leases compare current recoverable expenses against a baseline year.

2. Check the source data. Normalize one-time items before using the base year as a benchmark.

3. Run the calculation in a way someone else can follow. Storm cleanup in the base year should not quietly lower recoveries for every later year.

4. Save the support. Review the base-year pool before current-year allocations.

A messy base year makes every future reconciliation look mathematically correct and economically wrong.

Keep the backup simple enough for someone outside accounting to follow.

#camreconciliation #baseyear #crefinance","[camreconciliation, baseyear, crefinance]",false,cam-math,text-long,https://www.capveri.com/resources/base-year-expense-stop
8,2026-05-19-1300-erp-workarounds-008.md,2026-05-19,13:00,America/Chicago,linkedin,capveri,"Watch Yardi export review inside the export.

Before billing, review recovery pool, share type, gross-up, cap, and exclusion settings against the lease.

The report can run cleanly while one tenant uses the wrong share type.

Export the data, recalculate independently, then compare.

One clear memo now can prevent a long email thread later.

When in doubt, show the denominator.

Keep the backup simple enough for someone outside accounting to follow.

A correct ERP report means the system followed its setup. It does not by itself show the setup matches the lease.

#yardi #camreconciliation #cretech","[yardi, camreconciliation, cretech]",false,erp-workarounds,text-short,https://www.capveri.com/resources/export-cam-yardi-voyager
9,2026-05-19-1400-war-stories-009.md,2026-05-19,14:00,America/Chicago,linkedin,capveri,"Tenant disputes deserves a source check before anyone formats the packet.

Setup: many disputes start with missing support, not a dramatic accounting error.

Drift: review the lines tenants are most likely to question before the packet is sent.

Trace: Taxes, insurance, management fees, CapEx, and administrative charges need especially clear support.

Answer: Attach the support while the reconciliation is still fresh.

A vague explanation can make a correct charge look suspect.

If the issue repeats next year, the note should still make sense.

#camdisputes #camreconciliation #cre","[camdisputes, camreconciliation, cre]",false,war-stories,video,https://www.capveri.com/resources/tenant-cam-dispute
10,2026-05-19-1500-cam-math-010.md,2026-05-19,15:00,America/Chicago,linkedin,capveri,"Pro-rata denominator can expose drift in an otherwise clean CAM statement.

Before billing, match the denominator to the lease, not just the building setup screen.

Building RSF, occupied RSF, floor RSF, and pool RSF can all produce different percentages.

Store the denominator source next to the calculation output.

The cleanest fix is usually a better source note, not a longer explanation.

A tie-out proves totals. It does not by itself show recoverability.

If a tenant asks, the answer should already be in the packet.

A percentage with no denominator support is hard to explain after a tenant asks questions.

#camreconciliation #prorata #propertymanagement","[camreconciliation, prorata, propertymanagement]",false,cam-math,text-short,https://www.capveri.com/resources/pro-rata-share-calculation
11,2026-05-19-1600-anti-integration-011.md,2026-05-19,16:00,America/Chicago,linkedin,capveri,"Deterministic CAM math should leave a trail a second reviewer can follow.

1. Start with the lease rule. Financial math should be deterministic and auditable.

2. Check the source data. Use rules, formulas, and source-backed inputs for allocations.

3. Run the calculation in a way someone else can follow. AI can help read a document, but the charge calculation should come from explicit lease terms.

4. Save the support. Keep calculation logic separate from document extraction.

A plausible answer is not enough when money is being billed to tenants.

The close file should show both the accounting source and the lease logic.

#camreconciliation #crefinance #proptech","[camreconciliation, crefinance, proptech]",false,anti-integration,text-long,https://www.capveri.com/resources/deterministic-vs-ai-cam
12,2026-05-19-1700-founder-012.md,2026-05-19,17:00,America/Chicago,linkedin,capveri,"Start with the CAM close calendar.

Lease rule: CAM close works better when review steps are scheduled before statement drafting.

Source file: reserve time for export QA, lease-rule review, exception resolution, and packet assembly.

Tenant impact: Do not discover missing lease abstracts after the GL has already been finalized.

Close file: Treat CAM close like a finance close, with controls and owners.

If the answer depends on a hidden workbook tab, move the support into the close file.

The close file should show both the accounting source and the lease logic.

#camreconciliation #propertyaccounting #cre","[camreconciliation, propertyaccounting, cre]",false,founder,carousel,https://www.capveri.com/resources/year-end-close-checklist-cam
13,2026-05-19-1800-cam-math-013.md,2026-05-19,18:00,America/Chicago,linkedin,capveri,"CapEx vs. OpEx: one small setup choice can change the tenant answer.

Before billing, look for capitalization clues before the line enters a recoverable pool.

A repairs account can include invoices that deserve a capital-project check.

Document the recoverability decision before the line reaches the tenant statement.

The reviewer needs enough detail to approve the charge without guessing.

Small setup drift is still drift.

Keep the final answer tied to the exact export used for billing.

A GL account called repairs is not proof that every line is recoverable maintenance.

#camreconciliation #opex #propertyaccounting","[camreconciliation, opex, propertyaccounting]",false,cam-math,text-short,https://www.capveri.com/resources/capex-detection-cam
14,2026-05-19-1900-product-014.md,2026-05-19,19:00,America/Chicago,linkedin,capveri,"Which issue around the CapVeri trace slows down CAM close the most?

A. Missing source support

B. Lease-rule ambiguity

C. ERP setup drift

D. Last-minute exceptions

The goal is not to replace the ERP. The goal is to make the output easier to review.

Use the review to separate calculation errors from documentation gaps.

#capveri #camreconciliation #cretech","[capveri, camreconciliation, cretech]",false,product,poll,https://www.capveri.com/product-tour
15,2026-05-19-2000-engagement-015.md,2026-05-19,20:00,America/Chicago,linkedin,capveri,"Where does the handoff around the gross-up factor lose the most context?

The math, the source data, the lease interpretation, or the tenant packet support?

Treat the exception note as part of the reconciliation, not an afterthought.

A missing source note can create the same delay as a wrong formula.

#camreconciliation #grossup #cre","[camreconciliation, grossup, cre]",false,engagement,text-long,https://www.capveri.com/resources/cam-gross-up-calculation-guide
16,2026-05-20-0600-cam-math-016.md,2026-05-20,06:00,America/Chicago,linkedin,capveri,"CAM teams do not need more ceremony. They need better checks around management fees.

1. Start with the lease rule. Management fees depend on the lease basis and any fee cap.

2. Check the source data. Verify whether the fee is calculated on gross rent, recoverable expenses, or another base.

3. Run the calculation in a way someone else can follow. Applying a fee to an expense pool that already includes the fee can create circular math.

4. Save the support. Calculate the fee from the stated lease basis, then document the basis in the packet.

Management fee errors are easy to miss because the percentage itself often looks reasonable.

The issue is easiest to fix while the reconciliation file is still open.

#camreconciliation #managementfees #cre","[camreconciliation, managementfees, cre]",false,cam-math,text-long,https://www.capveri.com/resources/admin-fee-calculation-methods
17,2026-05-20-0700-erp-workarounds-017.md,2026-05-20,07:00,America/Chicago,linkedin,capveri,"If the review for MRI export review is hard to explain, the packet needs work.

Before billing, compare share type, billing pool, lease exclusions, and gross-up rules before statements go out.

A tenant can be assigned to the right pool and still use the wrong denominator.

Run a tenant-by-tenant exception report before final billing.

This is the kind of issue that gets expensive only after it is hard to reconstruct.

Do the work while the context is fresh.

The approval path matters as much as the formula when the number is questioned.

The issue is usually configuration drift, not a broken ERP.

#mri #camreconciliation #propertymanagement","[mri, camreconciliation, propertymanagement]",false,erp-workarounds,text-short,https://www.capveri.com/resources/export-cam-mri
18,2026-05-20-0800-war-stories-018.md,2026-05-20,08:00,America/Chicago,linkedin,capveri,"Start with pre-send QA.

Lease rule: the best time to catch a CAM issue is before the tenant packet goes out.

Source file: run checks for pool membership, non-recoverable lines, gross-up, caps, and denominator changes.

Tenant impact: One excluded GL account caught before billing is cleaner than a revised statement after billing.

Close file: Use a pre-send checklist every cycle.

One clear memo now can prevent a long email thread later.

A review-ready packet does not need drama. It needs traceable inputs.

#camreconciliation #propertyaccounting #cre","[camreconciliation, propertyaccounting, cre]",false,war-stories,carousel,https://www.capveri.com/resources/cam-presend-checklist
19,2026-05-20-0900-anti-integration-019.md,2026-05-20,09:00,America/Chicago,linkedin,capveri,"Check spreadsheet risk before the packet leaves accounting.

Before billing, check hard-coded factors, copied formulas, hidden tabs, and stale denominators.

A workbook can pass tie-out while one tenant row still points to last year's denominator.

Move repeated reconciliation logic into a traceable workflow.

Use the first pass to confirm the source, then let the math run.

A clean close file beats a cleaner apology.

The issue is easiest to fix while the reconciliation file is still open.

The risk is not that spreadsheets are bad. The risk is that they are too easy to trust after they tie out.

#camreconciliation #excel #propertyaccounting","[camreconciliation, excel, propertyaccounting]",false,anti-integration,text-short,https://www.capveri.com/resources/data-migration-off-excel
20,2026-05-20-1000-cam-math-020.md,2026-05-20,10:00,America/Chicago,linkedin,capveri,"Before you send the CAM packet, check the gross-up factor.

Setup: gross-up should apply to variable expenses only.

Drift: compare actual occupancy to the lease target before applying a factor.

Trace: If actual occupancy is already at or above the target, the factor should be 1.0.

Answer: Separate fixed and variable expenses before the reconciliation run.

Keep gross-up limited to the expense categories the lease and review file support.

Use this check to find setup drift before it becomes tenant-facing.

#camreconciliation #grossup #cre","[camreconciliation, grossup, cre]",false,cam-math,video,https://www.capveri.com/resources/cam-gross-up-calculation-guide
21,2026-05-20-1100-industry-news-021.md,2026-05-20,11:00,America/Chicago,linkedin,capveri,"A tenant question about California SB 1103 should not require rebuilding the workbook.

Before billing, separate legal interpretation from accounting support and keep the source documentation ready.

A disclosure obligation is much easier to handle when the GL export and allocation logic are already organized.

Ask counsel how the law applies, then make sure the accounting file can support the response.

Capture the note before the packet becomes tenant-facing.

When in doubt, show the denominator.

If the same exception appears twice, make it a control next year.

Compliance review is easier when the calculation trail is already organized.

#sb1103 #camreconciliation #californiarealestate","[sb1103, camreconciliation, californiarealestate]",false,industry-news,text-short,https://www.capveri.com/resources/sb-1103-compliance
22,2026-05-20-1200-cam-math-022.md,2026-05-20,12:00,America/Chicago,linkedin,capveri,"A review of CAM caps belongs in CAM close before final billing.

1. Start with the lease rule. Caps only work when the base amount and cap type are recorded correctly.

2. Check the source data. Confirm whether each cap is cumulative, non-cumulative, compounded, or fixed.

3. Run the calculation in a way someone else can follow. A 5 percent cap can behave very differently depending on whether unused cap room carries forward.

4. Save the support. Keep a cap ledger by tenant and year.

The best exception queue is short, specific, and resolved before billing.

The packet should make the next reviewer faster, not dependent on the original preparer.

#camreconciliation #expensecaps #propertyaccounting","[camreconciliation, expensecaps, propertyaccounting]",false,cam-math,text-long,https://www.capveri.com/resources/cam-expense-caps
23,2026-05-20-1300-erp-workarounds-023.md,2026-05-20,13:00,America/Chicago,linkedin,capveri,"Export review is cheaper than reopening a tenant packet after questions start.

The useful visual is simple: CAM number on one side; source, rule, and trace on the other.

Use this check to find setup drift before it becomes tenant-facing.

#realpage #camreconciliation #propertyaccounting","[realpage, camreconciliation, propertyaccounting]",false,erp-workarounds,image-quote,https://www.capveri.com/resources/export-cam-realpage
24,2026-05-20-1400-war-stories-024.md,2026-05-20,14:00,America/Chicago,linkedin,capveri,"Calculation audit trail can expose drift in an otherwise clean CAM statement.

Before billing, keep GL line, pool assignment, lease clause, factor, cap rule, and tenant allocation together.

If a tenant asks why their share changed, the answer should not require rebuilding the workbook.

Store the trace with the final packet.

If the lease rule changed, the calculation note should change with it.

The tenant packet should make the next question easier to answer.

The best version of this review is boring and repeatable.

A spreadsheet total without trace support is fragile evidence.

#camaudit #camreconciliation #crefinance","[camaudit, camreconciliation, crefinance]",false,war-stories,text-short,https://www.capveri.com/resources/self-audit-cam-billing
25,2026-05-20-1500-cam-math-025.md,2026-05-20,15:00,America/Chicago,linkedin,capveri,"The quiet risk in the base-year stop starts before the statement is formatted.

What to verify: normalize one-time items before using the base year as a benchmark.

What can go wrong: Storm cleanup in the base year should not quietly lower recoveries for every later year.

What to save: GL source, lease rule, calculation input, and tenant impact.

How to close it: Review the base-year pool before current-year allocations.

Watch item: A messy base year makes every future reconciliation look mathematically correct and economically wrong.

Capture the note before the packet becomes tenant-facing.

If the backup lives outside the packet, add the reference before statements go out.

#camreconciliation #baseyear #crefinance","[camreconciliation, baseyear, crefinance]",false,cam-math,carousel,https://www.capveri.com/resources/base-year-expense-stop
26,2026-05-20-1600-anti-integration-026.md,2026-05-20,16:00,America/Chicago,linkedin,capveri,"A tenant question about export-based verification should not require rebuilding the workbook.

Before billing, use CSV, Excel, and PDF outputs as the input layer.

Keep Yardi or MRI as the system of record, then run an independent lease-term calculation beside it.

Verify the output before changing the system.

Save the setup screenshot or export parameter while the file is still open.

The best exception queue is short, specific, and resolved before billing.

The packet should make the next reviewer faster, not dependent on the original preparer.

The integration is not the proof. The calculation trace is the proof.

#cretech #camreconciliation #yardi","[cretech, camreconciliation, yardi]",false,anti-integration,text-short,https://www.capveri.com/resources/data-migration-off-excel
27,2026-05-20-1700-founder-027.md,2026-05-20,17:00,America/Chicago,linkedin,capveri,"The hard part is keeping the export, lease rule, and exception trail together.

It is the setup behind the arithmetic. Prioritize what changed, what failed, what needs approval, and what is ready to send.

CapVeri keeps export review, lease-term logic, and the calculation record in one review path.

If a statement needs revision, this note should explain exactly where to look.

The statement is the last mile. The control point is earlier.

#propertyaccounting #camreconciliation #crefinance","[propertyaccounting, camreconciliation, crefinance]",false,founder,text-long,https://www.capveri.com/resources/multi-property-cam-workflow
28,2026-05-20-1800-cam-math-028.md,2026-05-20,18:00,America/Chicago,linkedin,capveri,"Where do tenant questions about the pro-rata denominator usually start?

A. Taxes and insurance

B. Management fees

C. CapEx classification

D. Pro-rata share changes

A percentage with no denominator support is hard to explain after a tenant asks questions.

If the rule is portfolio-specific, name the portfolio policy in the file.

#camreconciliation #prorata #propertymanagement","[camreconciliation, prorata, propertymanagement]",false,cam-math,poll,https://www.capveri.com/resources/pro-rata-share-calculation
29,2026-05-20-1900-product-029.md,2026-05-20,19:00,America/Chicago,linkedin,capveri,"Spreadsheets and ERP setup screens can show the output.

CapVeri keeps the export, lease rule, exception, and tenant-level trace in one review path.

A gross-up finding should show the occupancy inputs and expense lines affected.

Use it before final billing as an export-based review layer, not as an ERP replacement.

Use this as a first-pass control, then move exceptions into a separate queue.

#capveri #camreconciliation #propertymanagement","[capveri, camreconciliation, propertymanagement]",false,product,text-short,https://www.capveri.com/sample-report
30,2026-05-20-2000-engagement-030.md,2026-05-20,20:00,America/Chicago,linkedin,capveri,"If you could clean up one part of CAM caps when a tenant asks for support, what would you choose?

The math, the source data, the lease interpretation, or the tenant packet support?

One clear memo now can prevent a long email thread later.

A short note in the close file is better than a long explanation after billing.

#camreconciliation #expensecaps #propertyaccounting","[camreconciliation, expensecaps, propertyaccounting]",false,engagement,text-short,https://www.capveri.com/resources/cam-expense-caps
31,2026-05-21-0600-cam-math-031.md,2026-05-21,06:00,America/Chicago,linkedin,capveri,"CapEx vs. OpEx can expose drift in an otherwise clean CAM statement.

Before billing, look for capitalization clues before the line enters a recoverable pool.

A repairs account can include invoices that deserve a capital-project check.

Document the recoverability decision before the line reaches the tenant statement.

This is the kind of issue that gets expensive only after it is hard to reconstruct.

Good CAM support follows the charge from source to tenant answer.

If the issue repeats next year, the note should still make sense.

A GL account called repairs is not proof that every line is recoverable maintenance.

#camreconciliation #opex #propertyaccounting","[camreconciliation, opex, propertyaccounting]",false,cam-math,text-short,https://www.capveri.com/resources/capex-detection-cam
32,2026-05-21-0700-erp-workarounds-032.md,2026-05-21,07:00,America/Chicago,linkedin,capveri,"Start with GL export QA.

Lease rule: an export can balance and still be incomplete for CAM work.

Source file: check date filters, accrual timing, entity scope, and excluded accounts.

Tenant impact: A late-posted accrual can be outside the export even when the report total ties to the ledger run.

Close file: Save the export parameters with the reconciliation file.

A controller should be able to review this without reopening last year's workbook.

A tenant-level variance note is useful even when the final charge is correct.

#yardi #camreconciliation #propertyaccounting","[yardi, camreconciliation, propertyaccounting]",false,erp-workarounds,carousel,https://www.capveri.com/resources/gl-analysis-explained
33,2026-05-21-0800-war-stories-033.md,2026-05-21,08:00,America/Chicago,linkedin,capveri,"Watch the audit defense packet before final billing.

Before billing, include source export, lease clause reference, calculation trace, and variance notes.

A tenant asking about landscaping should see the GL lines, allocation basis, and exclusion review.

Build the audit trail before sending the statement.

Treat the exception note as part of the reconciliation, not an afterthought.

The earlier review happens, the fewer people have to touch the packet.

If the rule is portfolio-specific, name the portfolio policy in the file.

Waiting until an auditor asks for support usually creates more work than assembling it up front.

#camaudit #camreconciliation #propertymanagement","[camaudit, camreconciliation, propertymanagement]",false,war-stories,text-short,https://www.capveri.com/resources/landlord-cam-audit-defense-playbook
34,2026-05-21-0900-anti-integration-034.md,2026-05-21,09:00,America/Chicago,linkedin,capveri,"The packet gets easier to review when deterministic CAM math is documented early.

1. Start with the lease rule. Financial math should be deterministic and auditable.

2. Check the source data. Use rules, formulas, and source-backed inputs for allocations.

3. Run the calculation in a way someone else can follow. AI can help read a document, but the charge calculation should come from explicit lease terms.

4. Save the support. Keep calculation logic separate from document extraction.

The useful backup is boring: source, rule, input, output.

If the review depends on judgment, write down the judgment while it is fresh.

#camreconciliation #crefinance #proptech","[camreconciliation, crefinance, proptech]",false,anti-integration,text-long,https://www.capveri.com/resources/deterministic-vs-ai-cam
35,2026-05-21-1000-cam-math-035.md,2026-05-21,10:00,America/Chicago,linkedin,capveri,"The fastest review of management fees starts with the source file.

Before billing, verify whether the fee is calculated on gross rent, recoverable expenses, or another base.

Applying a fee to an expense pool that already includes the fee can create circular math.

Calculate the fee from the stated lease basis, then document the basis in the packet.

The cleanest fix is usually a better source note, not a longer explanation.

If the rule is hard to explain internally, it will be harder to support externally.

A missing source note can create the same delay as a wrong formula.

Management fee errors are easy to miss because the percentage itself often looks reasonable.

#camreconciliation #managementfees #cre","[camreconciliation, managementfees, cre]",false,cam-math,text-short,https://www.capveri.com/resources/admin-fee-calculation-methods
36,2026-05-21-1100-industry-news-036.md,2026-05-21,11:00,America/Chicago,linkedin,capveri,"When property tax pass-throughs changes, the tenant note should change with it.

Setup: tax pass-throughs can move tenant charges quickly.

Drift: separate assessment changes, refunds, appeals, and prior-year adjustments.

Trace: A tax refund should be tracked back to the tenants and years affected by the original charge.

Answer: Tie the tax line to the bill, appeal status, allocation rule, and recovery period.

Tax lines are often high-dollar, so weak support gets noticed.

If the review depends on judgment, write down the judgment while it is fresh.

#propertytax #camreconciliation #crefinance","[propertytax, camreconciliation, crefinance]",false,industry-news,video,https://www.capveri.com/resources/real-estate-tax-reconciliation
37,2026-05-21-1200-cam-math-037.md,2026-05-21,12:00,America/Chicago,linkedin,capveri,"Check the gross-up factor before the packet leaves accounting.

Before billing, compare actual occupancy to the lease target before applying a factor.

If actual occupancy is already at or above the target, the factor should be 1.0.

Separate fixed and variable expenses before the reconciliation run.

If the lease rule changed, the calculation note should change with it.

The charge can be right and still be poorly supported.

When the rule changes by tenant, do not let the portfolio default hide it.

Keep gross-up limited to the expense categories the lease and review file support.

#camreconciliation #grossup #cre","[camreconciliation, grossup, cre]",false,cam-math,text-short,https://www.capveri.com/resources/cam-gross-up-calculation-guide
38,2026-05-21-1300-erp-workarounds-038.md,2026-05-21,13:00,America/Chicago,linkedin,capveri,"A tenant question about Yardi export review should not require rebuilding the workbook.

Before billing, review recovery pool, share type, gross-up, cap, and exclusion settings against the lease.

The report can run cleanly while one tenant uses the wrong share type.

Export the data, recalculate independently, then compare.

Use the first pass to confirm the source, then let the math run.

Small setup drift is still drift.

The close file should show both the accounting source and the lease logic.

A correct ERP report means the system followed its setup. It does not by itself show the setup matches the lease.

#yardi #camreconciliation #cretech","[yardi, camreconciliation, cretech]",false,erp-workarounds,text-short,https://www.capveri.com/resources/export-cam-yardi-voyager
39,2026-05-21-1400-war-stories-039.md,2026-05-21,14:00,America/Chicago,linkedin,capveri,"A review of tenant dispute prep belongs in CAM close before final billing.

1. Start with the lease rule. Many disputes start with missing support, not a dramatic accounting error.

2. Check the source data. Review the lines tenants are most likely to question before the packet is sent.

3. Run the calculation in a way someone else can follow. Taxes, insurance, management fees, CapEx, and administrative charges need especially clear support.

4. Save the support. Attach the support while the reconciliation is still fresh.

The lease is the control document. The export is the evidence.

If a tenant asks, the answer should already be in the packet.

#camdisputes #camreconciliation #cre","[camdisputes, camreconciliation, cre]",false,war-stories,text-long,https://www.capveri.com/resources/tenant-cam-dispute
40,2026-05-21-1500-cam-math-040.md,2026-05-21,15:00,America/Chicago,linkedin,capveri,"The quiet risk in CAM caps starts before the statement is formatted.

What to verify: confirm whether each cap is cumulative, non-cumulative, compounded, or fixed.

What can go wrong: A 5 percent cap can behave very differently depending on whether unused cap room carries forward.

What to save: GL source, lease rule, calculation input, and tenant impact.

How to close it: Keep a cap ledger by tenant and year.

Watch item: A cap field without the cap type is not enough support for a tenant packet.

One clear memo now can prevent a long email thread later.

If the same exception appears twice, make it a control next year.

#camreconciliation #expensecaps #propertyaccounting","[camreconciliation, expensecaps, propertyaccounting]",false,cam-math,carousel,https://www.capveri.com/resources/cam-expense-caps
41,2026-05-21-1600-anti-integration-041.md,2026-05-21,16:00,America/Chicago,linkedin,capveri,"The fastest review of spreadsheet risk starts with the source file.

Before billing, check hard-coded factors, copied formulas, hidden tabs, and stale denominators.

A workbook can pass tie-out while one tenant row still points to last year's denominator.

Move repeated reconciliation logic into a traceable workflow.

The cleanest fix is usually a better source note, not a longer explanation.

If the rule is hard to explain internally, it will be harder to support externally.

A missing source note can create the same delay as a wrong formula.

The risk is not that spreadsheets are bad. The risk is that they are too easy to trust after they tie out.

#camreconciliation #excel #propertyaccounting","[camreconciliation, excel, propertyaccounting]",false,anti-integration,text-short,https://www.capveri.com/resources/data-migration-off-excel
42,2026-05-21-1700-founder-042.md,2026-05-21,17:00,America/Chicago,linkedin,capveri,"In CAM close, the final arithmetic is usually the easy part.

It is the setup behind the arithmetic. Reserve time for export QA, lease-rule review, exception resolution, and packet assembly.

CapVeri keeps export review, lease-term logic, and the calculation record in one review path.

If a tenant asks, the answer should already be in the packet.

A calendar will not fix the math, but it keeps the math from being reviewed too late.

#camreconciliation #propertyaccounting #cre","[camreconciliation, propertyaccounting, cre]",false,founder,text-short,https://www.capveri.com/resources/year-end-close-checklist-cam
43,2026-05-21-1800-cam-math-043.md,2026-05-21,18:00,America/Chicago,linkedin,capveri,"Base-year stop should leave a trail a second reviewer can follow.

1. Start with the lease rule. Base-year leases compare current recoverable expenses against a baseline year.

2. Check the source data. Normalize one-time items before using the base year as a benchmark.

3. Run the calculation in a way someone else can follow. Storm cleanup in the base year should not quietly lower recoveries for every later year.

4. Save the support. Review the base-year pool before current-year allocations.

A messy base year makes every future reconciliation look mathematically correct and economically wrong.

Use this check to find setup drift before it becomes tenant-facing.

#camreconciliation #baseyear #crefinance","[camreconciliation, baseyear, crefinance]",false,cam-math,text-long,https://www.capveri.com/resources/base-year-expense-stop
44,2026-05-21-1900-product-044.md,2026-05-21,19:00,America/Chicago,linkedin,capveri,"A CAM total is not support. The support is the trace behind it.

The useful visual is simple: CAM number on one side; source, rule, and trace on the other.

A missing source note can create the same delay as a wrong formula.

#capveri #camreconciliation #cretech","[capveri, camreconciliation, cretech]",false,product,image-quote,https://www.capveri.com/product-tour
45,2026-05-21-2000-engagement-045.md,2026-05-21,20:00,America/Chicago,linkedin,capveri,"Which issue around the base-year stop slows down CAM close the most?

A. Missing source support

B. Lease-rule ambiguity

C. ERP setup drift

D. Last-minute exceptions

A messy base year makes every future reconciliation look mathematically correct and economically wrong.

This check is small, but it keeps the packet from depending on memory.

#camreconciliation #baseyear #crefinance","[camreconciliation, baseyear, crefinance]",false,engagement,poll,https://www.capveri.com/resources/base-year-expense-stop
46,2026-05-22-0600-cam-math-046.md,2026-05-22,06:00,America/Chicago,linkedin,capveri,"A CAM total is not support. The support is the trace behind it.

The useful visual is simple: CAM number on one side; source, rule, and trace on the other.

Use this as a first-pass control, then move exceptions into a separate queue.

#camreconciliation #prorata #propertymanagement","[camreconciliation, prorata, propertymanagement]",false,cam-math,image-quote,https://www.capveri.com/resources/pro-rata-share-calculation
47,2026-05-22-0700-erp-workarounds-047.md,2026-05-22,07:00,America/Chicago,linkedin,capveri,"The fastest review of MRI export review starts with the source file.

Before billing, compare share type, billing pool, lease exclusions, and gross-up rules before statements go out.

A tenant can be assigned to the right pool and still use the wrong denominator.

Run a tenant-by-tenant exception report before final billing.

One clear memo now can prevent a long email thread later.

The tenant packet should make the next question easier to answer.

If the same exception appears twice, make it a control next year.

The issue is usually configuration drift, not a broken ERP.

#mri #camreconciliation #propertymanagement","[mri, camreconciliation, propertymanagement]",false,erp-workarounds,text-short,https://www.capveri.com/resources/export-cam-mri
48,2026-05-22-0800-war-stories-048.md,2026-05-22,08:00,America/Chicago,linkedin,capveri,"A review of pre-send QA belongs in CAM close before final billing.

1. Start with the lease rule. The best time to catch a CAM issue is before the tenant packet goes out.

2. Check the source data. Run checks for pool membership, non-recoverable lines, gross-up, caps, and denominator changes.

3. Run the calculation in a way someone else can follow. One excluded GL account caught before billing is cleaner than a revised statement after billing.

4. Save the support. Use a pre-send checklist every cycle.

A signed reconciliation packet should not be the first time the math is reviewed end to end.

A cleaner packet gives the property team fewer follow-up questions to answer.

#camreconciliation #propertyaccounting #cre","[camreconciliation, propertyaccounting, cre]",false,war-stories,text-long,https://www.capveri.com/resources/cam-presend-checklist
49,2026-05-22-0900-anti-integration-049.md,2026-05-22,09:00,America/Chicago,linkedin,capveri,"Export-based verification can expose drift in an otherwise clean CAM statement.

Before billing, use CSV, Excel, and PDF outputs as the input layer.

Keep Yardi or MRI as the system of record, then run an independent lease-term calculation beside it.

Verify the output before changing the system.

Capture the note before the packet becomes tenant-facing.

The best exception queue is short, specific, and resolved before billing.

The goal is not more backup. The goal is backup that points to the answer.

The integration is not the proof. The calculation trace is the proof.

#cretech #camreconciliation #yardi","[cretech, camreconciliation, yardi]",false,anti-integration,text-short,https://www.capveri.com/resources/data-migration-off-excel
50,2026-05-22-1000-cam-math-050.md,2026-05-22,10:00,America/Chicago,linkedin,capveri,"CapEx vs. OpEx: one small setup choice can change the tenant answer.

Before billing, compare repair accounts against descriptions that suggest upgrades or useful-life changes.

The GL account name may say maintenance while the invoice description points to an improvement.

Keep the CapEx review note beside the GL line, not in a separate email thread.

Capture the note before the packet becomes tenant-facing.

The tenant packet should make the next question easier to answer.

The cleanest workflow keeps the source export and lease rule beside the output.

A GL account called repairs is not proof that every line is recoverable maintenance.

#camreconciliation #opex #propertyaccounting","[camreconciliation, opex, propertyaccounting]",false,cam-math,text-short,https://www.capveri.com/resources/capex-detection-cam
51,2026-05-22-1100-industry-news-051.md,2026-05-22,11:00,America/Chicago,linkedin,capveri,"BOMA 2024 belongs in review before the packet goes out.

Input: measurement changes can affect pro-rata shares and billing support.

Review step: review lease language before applying a new measurement standard.

Common miss: A lease tied to a specific BOMA version may not behave like a lease that says standards as amended.

Approval trail: Model old and new denominators before updating the billing system.

Final check: Do not let a measurement update become a silent billing change.

A cleaner packet gives the property team fewer follow-up questions to answer.

#boma2024 #camreconciliation #cre","[boma2024, camreconciliation, cre]",false,industry-news,carousel,https://www.capveri.com/resources/boma-2024-implementation-guide
52,2026-05-22-1200-cam-math-052.md,2026-05-22,12:00,America/Chicago,linkedin,capveri,"A review of management fees belongs in CAM close before final billing.

1. Start with the lease rule. Management fees depend on the lease basis and any fee cap.

2. Check the source data. Verify whether the fee is calculated on gross rent, recoverable expenses, or another base.

3. Run the calculation in a way someone else can follow. Applying a fee to an expense pool that already includes the fee can create circular math.

4. Save the support. Calculate the fee from the stated lease basis, then document the basis in the packet.

Management fee errors are easy to miss because the percentage itself often looks reasonable.

If the review depends on judgment, write down the judgment while it is fresh.

#camreconciliation #managementfees #cre","[camreconciliation, managementfees, cre]",false,cam-math,text-long,https://www.capveri.com/resources/admin-fee-calculation-methods
53,2026-05-22-1300-erp-workarounds-053.md,2026-05-22,13:00,America/Chicago,linkedin,capveri,"The fastest review of RealPage export review starts with the source file.

Before billing, confirm pool membership, exclusions, caps, and date range settings.

A reimbursement pool can include the right GL accounts but the wrong tenant allocation rule.

Use export-based verification before statements leave accounting.

If the lease rule changed, the calculation note should change with it.

A clean close file beats a cleaner apology.

The packet should make the next reviewer faster, not dependent on the original preparer.

Export review is cheaper than reopening a tenant packet after questions start.

#realpage #camreconciliation #propertyaccounting","[realpage, camreconciliation, propertyaccounting]",false,erp-workarounds,text-short,https://www.capveri.com/resources/export-cam-realpage
54,2026-05-22-1400-war-stories-054.md,2026-05-22,14:00,America/Chicago,linkedin,capveri,"If the review for the calculation audit trail is hard to explain, the packet needs work.

Before billing, keep GL line, pool assignment, lease clause, factor, cap rule, and tenant allocation together.

If a tenant asks why their share changed, the answer should not require rebuilding the workbook.

Store the trace with the final packet.

The reviewer needs enough detail to approve the charge without guessing.

When in doubt, show the denominator.

Use this as a first-pass control, then move exceptions into a separate queue.

A spreadsheet total without trace support is fragile evidence.

#camaudit #camreconciliation #crefinance","[camaudit, camreconciliation, crefinance]",false,war-stories,text-short,https://www.capveri.com/resources/self-audit-cam-billing
55,2026-05-22-1500-cam-math-055.md,2026-05-22,15:00,America/Chicago,linkedin,capveri,"Gross-up factor deserves a source check before anyone formats the packet.

Input: gross-up should apply to variable expenses only.

Review: compare actual occupancy to the lease target before applying a factor.

Evidence: If actual occupancy is already at or above the target, the factor should be 1.0.

Close: Separate fixed and variable expenses before the reconciliation run.

Keep gross-up limited to the expense categories the lease and review file support.

This is the kind of check that should happen before statement formatting starts.

#camreconciliation #grossup #cre","[camreconciliation, grossup, cre]",false,cam-math,video,https://www.capveri.com/resources/cam-gross-up-calculation-guide
56,2026-05-22-1600-anti-integration-056.md,2026-05-22,16:00,America/Chicago,linkedin,capveri,"The packet gets easier to review when deterministic CAM math is documented early.

1. Start with the lease rule. Financial math should be deterministic and auditable.

2. Check the source data. Use rules, formulas, and source-backed inputs for allocations.

3. Run the calculation in a way someone else can follow. AI can help read a document, but the charge calculation should come from explicit lease terms.

4. Save the support. Keep calculation logic separate from document extraction.

A plausible answer is not enough when money is being billed to tenants.

The reviewer should be able to see what changed since the prior run.

#camreconciliation #crefinance #proptech","[camreconciliation, crefinance, proptech]",false,anti-integration,text-long,https://www.capveri.com/resources/deterministic-vs-ai-cam
57,2026-05-22-1700-founder-057.md,2026-05-22,17:00,America/Chicago,linkedin,capveri,"The part of CAM work that gets missed is usually upstream of the final statement.

It is the setup behind the arithmetic. Prioritize what changed, what failed, what needs approval, and what is ready to send.

CapVeri keeps export review, lease-term logic, and the calculation record in one review path.

The packet should make the next reviewer faster, not dependent on the original preparer.

The statement is the last mile. The control point is earlier.

#propertyaccounting #camreconciliation #crefinance","[propertyaccounting, camreconciliation, crefinance]",false,founder,text-short,https://www.capveri.com/resources/multi-property-cam-workflow
58,2026-05-22-1800-cam-math-058.md,2026-05-22,18:00,America/Chicago,linkedin,capveri,"The quiet risk in CAM caps starts before the statement is formatted.

What to verify: confirm whether each cap is cumulative, non-cumulative, compounded, or fixed.

What can go wrong: A 5 percent cap can behave very differently depending on whether unused cap room carries forward.

What to save: GL source, lease rule, calculation input, and tenant impact.

How to close it: Keep a cap ledger by tenant and year.

Watch item: A cap field without the cap type is not enough support for a tenant packet.

Capture the note before the packet becomes tenant-facing.

A missing source note can create the same delay as a wrong formula.

#camreconciliation #expensecaps #propertyaccounting","[camreconciliation, expensecaps, propertyaccounting]",false,cam-math,carousel,https://www.capveri.com/resources/cam-expense-caps
59,2026-05-22-1900-product-059.md,2026-05-22,19:00,America/Chicago,linkedin,capveri,"Spreadsheets and ERP setup screens can show the output.

CapVeri keeps the export, lease rule, exception, and tenant-level trace in one review path.

A gross-up finding should show the occupancy inputs and expense lines affected.

Use it before final billing as an export-based review layer, not as an ERP replacement.

A short note in the close file is better than a long explanation after billing.

#capveri #camreconciliation #propertymanagement","[capveri, camreconciliation, propertymanagement]",false,product,text-short,https://www.capveri.com/sample-report
60,2026-05-22-2000-engagement-060.md,2026-05-22,20:00,America/Chicago,linkedin,capveri,"What would make the next the pro-rata denominator review easier?

A. Clearer GL detail

B. Better lease references

C. Tenant-level variance notes

D. Cleaner packet format

A percentage with no denominator support is hard to explain after a tenant asks questions.

The reviewer should be able to see what changed since the prior run.

#camreconciliation #prorata #propertymanagement","[camreconciliation, prorata, propertymanagement]",false,engagement,poll,https://www.capveri.com/resources/pro-rata-share-calculation
61,2026-05-23-0600-cam-math-061.md,2026-05-23,06:00,America/Chicago,linkedin,capveri,"The fastest review of the base-year stop starts with the source file.

Before billing, normalize one-time items before using the base year as a benchmark.

Storm cleanup in the base year should not quietly lower recoveries for every later year.

Review the base-year pool before current-year allocations.

Treat the exception note as part of the reconciliation, not an afterthought.

The best exception queue is short, specific, and resolved before billing.

The approval path matters as much as the formula when the number is questioned.

A messy base year makes every future reconciliation look mathematically correct and economically wrong.

#camreconciliation #baseyear #crefinance","[camreconciliation, baseyear, crefinance]",false,cam-math,text-short,https://www.capveri.com/resources/base-year-expense-stop
62,2026-05-23-0700-erp-workarounds-062.md,2026-05-23,07:00,America/Chicago,linkedin,capveri,"Here is the review path for GL export QA.

1. Start with the lease rule. An export can balance and still be incomplete for CAM work.

2. Check the source data. Check date filters, accrual timing, entity scope, and excluded accounts.

3. Run the calculation in a way someone else can follow. A late-posted accrual can be outside the export even when the report total ties to the ledger run.

4. Save the support. Save the export parameters with the reconciliation file.

Treat the exception note as part of the reconciliation, not an afterthought.

A clean exception list is easier to manage than scattered comments in a workbook.

#yardi #camreconciliation #propertyaccounting","[yardi, camreconciliation, propertyaccounting]",false,erp-workarounds,text-long,https://www.capveri.com/resources/gl-analysis-explained
63,2026-05-23-0800-war-stories-063.md,2026-05-23,08:00,America/Chicago,linkedin,capveri,"Waiting until an auditor asks for support usually creates more work than assembling it up front.

The useful visual is simple: CAM number on one side; source, rule, and trace on the other.

Keep the backup simple enough for someone outside accounting to follow.

#camaudit #camreconciliation #propertymanagement","[camaudit, camreconciliation, propertymanagement]",false,war-stories,image-quote,https://www.capveri.com/resources/landlord-cam-audit-defense-playbook
64,2026-05-23-0900-anti-integration-064.md,2026-05-23,09:00,America/Chicago,linkedin,capveri,"Start with spreadsheet risk.

Lease rule: Excel is flexible, but flexibility can hide broken assumptions.

Source file: check hard-coded factors, copied formulas, hidden tabs, and stale denominators.

Tenant impact: A workbook can pass tie-out while one tenant row still points to last year's denominator.

Close file: Move repeated reconciliation logic into a traceable workflow.

The reviewer needs enough detail to approve the charge without guessing.

If the issue repeats next year, the note should still make sense.

#camreconciliation #excel #propertyaccounting","[camreconciliation, excel, propertyaccounting]",false,anti-integration,carousel,https://www.capveri.com/resources/data-migration-off-excel
65,2026-05-23-1000-cam-math-065.md,2026-05-23,10:00,America/Chicago,linkedin,capveri,"Watch the pro-rata denominator when the denominator changes.

Before billing, match the denominator to the lease, not just the building setup screen.

Building RSF, occupied RSF, floor RSF, and pool RSF can all produce different percentages.

Store the denominator source next to the calculation output.

One clear memo now can prevent a long email thread later.

A clean close file beats a cleaner apology.

The goal is not more backup. The goal is backup that points to the answer.

A percentage with no denominator support is hard to explain after a tenant asks questions.

#camreconciliation #prorata #propertymanagement","[camreconciliation, prorata, propertymanagement]",false,cam-math,text-short,https://www.capveri.com/resources/pro-rata-share-calculation
66,2026-05-23-1100-industry-news-066.md,2026-05-23,11:00,America/Chicago,linkedin,capveri,"Check California SB 1103 before the packet leaves accounting.

Before billing, separate legal interpretation from accounting support and keep the source documentation ready.

A disclosure obligation is much easier to handle when the GL export and allocation logic are already organized.

Ask counsel how the law applies, then make sure the accounting file can support the response.

Treat the exception note as part of the reconciliation, not an afterthought.

The lease is the control document. The export is the evidence.

A clean exception list is easier to manage than scattered comments in a workbook.

Compliance review is easier when the calculation trail is already organized.

#sb1103 #camreconciliation #californiarealestate","[sb1103, camreconciliation, californiarealestate]",false,industry-news,text-short,https://www.capveri.com/resources/sb-1103-compliance
67,2026-05-23-1200-cam-math-067.md,2026-05-23,12:00,America/Chicago,linkedin,capveri,"A review of CapEx vs. OpEx belongs in CAM close before final billing.

1. Start with the lease rule. Capital projects need separate recoverability review before they enter a CAM pool.

2. Check the source data. Look for capitalization clues before the line enters a recoverable pool.

3. Run the calculation in a way someone else can follow. A repairs account can include invoices that deserve a capital-project check.

4. Save the support. Document the recoverability decision before the line reaches the tenant statement.

The earlier review happens, the fewer people have to touch the packet.

The best version of this review is boring and repeatable.

#camreconciliation #opex #propertyaccounting","[camreconciliation, opex, propertyaccounting]",false,cam-math,text-long,https://www.capveri.com/resources/capex-detection-cam
68,2026-05-23-1300-erp-workarounds-068.md,2026-05-23,13:00,America/Chicago,linkedin,capveri,"When the Yardi export settings changes, the tenant note should change with it.

Input: Yardi can be the system of record without being the only calculation check.

Review: review recovery pool, share type, gross-up, cap, and exclusion settings against the lease.

Evidence: The report can run cleanly while one tenant uses the wrong share type.

Close: Export the data, recalculate independently, then compare.

A correct ERP report means the system followed its setup. It does not by itself show the setup matches the lease.

A missing source note can create the same delay as a wrong formula.

#yardi #camreconciliation #cretech","[yardi, camreconciliation, cretech]",false,erp-workarounds,video,https://www.capveri.com/resources/export-cam-yardi-voyager
69,2026-05-23-1400-war-stories-069.md,2026-05-23,14:00,America/Chicago,linkedin,capveri,"A tenant question about tenant dispute prep should not require rebuilding the workbook.

Before billing, review the lines tenants are most likely to question before the packet is sent.

Taxes, insurance, management fees, CapEx, and administrative charges need especially clear support.

Attach the support while the reconciliation is still fresh.

If the answer depends on a hidden workbook tab, move the support into the close file.

A tie-out proves totals. It does not by itself show recoverability.

This check is small, but it keeps the packet from depending on memory.

A vague explanation can make a correct charge look suspect.

#camdisputes #camreconciliation #cre","[camdisputes, camreconciliation, cre]",false,war-stories,text-short,https://www.capveri.com/resources/tenant-cam-dispute
70,2026-05-23-1500-cam-math-070.md,2026-05-23,15:00,America/Chicago,linkedin,capveri,"Watch management fees before final billing.

Before billing, verify whether the fee is calculated on gross rent, recoverable expenses, or another base.

Applying a fee to an expense pool that already includes the fee can create circular math.

Calculate the fee from the stated lease basis, then document the basis in the packet.

If the lease rule changed, the calculation note should change with it.

Good CAM support follows the charge from source to tenant answer.

A short note in the close file is better than a long explanation after billing.

Management fee errors are easy to miss because the percentage itself often looks reasonable.

#camreconciliation #managementfees #cre","[camreconciliation, managementfees, cre]",false,cam-math,text-short,https://www.capveri.com/resources/admin-fee-calculation-methods
71,2026-05-23-1600-anti-integration-071.md,2026-05-23,16:00,America/Chicago,linkedin,capveri,"Start with export-based verification.

Lease rule: CAM verification can work from exports without replacing the ERP.

Source file: use CSV, Excel, and PDF outputs as the input layer.

Tenant impact: Keep Yardi or MRI as the system of record, then run an independent lease-term calculation beside it.

Close file: Verify the output before changing the system.

A controller should be able to review this without reopening last year's workbook.

When the rule changes by tenant, do not let the portfolio default hide it.

#cretech #camreconciliation #yardi","[cretech, camreconciliation, yardi]",false,anti-integration,carousel,https://www.capveri.com/resources/data-migration-off-excel
72,2026-05-23-1700-founder-072.md,2026-05-23,17:00,America/Chicago,linkedin,capveri,"A cleaner CAM process starts before the PDF packet exists.

It is the setup behind the arithmetic. Reserve time for export QA, lease-rule review, exception resolution, and packet assembly.

CapVeri keeps export review, lease-term logic, and the calculation record in one review path.

Use the review to separate calculation errors from documentation gaps.

A calendar will not fix the math, but it keeps the math from being reviewed too late.

#camreconciliation #propertyaccounting #cre","[camreconciliation, propertyaccounting, cre]",false,founder,text-long,https://www.capveri.com/resources/year-end-close-checklist-cam
73,2026-05-23-1800-cam-math-073.md,2026-05-23,18:00,America/Chicago,linkedin,capveri,"Gross-up factor can expose drift in an otherwise clean CAM statement.

Before billing, compare actual occupancy to the lease target before applying a factor.

If actual occupancy is already at or above the target, the factor should be 1.0.

Separate fixed and variable expenses before the reconciliation run.

One clear memo now can prevent a long email thread later.

Do the work while the context is fresh.

The cleanest workflow keeps the source export and lease rule beside the output.

Keep gross-up limited to the expense categories the lease and review file support.

#camreconciliation #grossup #cre","[camreconciliation, grossup, cre]",false,cam-math,text-short,https://www.capveri.com/resources/cam-gross-up-calculation-guide
74,2026-05-23-1900-product-074.md,2026-05-23,19:00,America/Chicago,linkedin,capveri,"What would make the next the CapVeri trace review easier?

A. Clearer GL detail

B. Better lease references

C. Tenant-level variance notes

D. Cleaner packet format

The goal is not to replace the ERP. The goal is to make the output easier to review.

This check is small, but it keeps the packet from depending on memory.

#capveri #camreconciliation #cretech","[capveri, camreconciliation, cretech]",false,product,poll,https://www.capveri.com/product-tour
75,2026-05-23-2000-engagement-075.md,2026-05-23,20:00,America/Chicago,linkedin,capveri,"Which part of CapEx vs. OpEx creates the most back-and-forth during close?

The math, the source data, the lease interpretation, or the tenant packet support?

The cleanest fix is usually a better source note, not a longer explanation.

Keep the final answer tied to the exact export used for billing.

#camreconciliation #opex #propertyaccounting","[camreconciliation, opex, propertyaccounting]",false,engagement,text-short,https://www.capveri.com/resources/capex-detection-cam
76,2026-05-24-0600-cam-math-076.md,2026-05-24,06:00,America/Chicago,linkedin,capveri,"CAM caps: one small setup choice can change the tenant answer.

Before billing, confirm whether each cap is cumulative, non-cumulative, compounded, or fixed.

A 5 percent cap can behave very differently depending on whether unused cap room carries forward.

Keep a cap ledger by tenant and year.

The cleanest fix is usually a better source note, not a longer explanation.

The charge can be right and still be poorly supported.

A clean exception list is easier to manage than scattered comments in a workbook.

A cap field without the cap type is not enough support for a tenant packet.

#camreconciliation #expensecaps #propertyaccounting","[camreconciliation, expensecaps, propertyaccounting]",false,cam-math,text-short,https://www.capveri.com/resources/cam-expense-caps
77,2026-05-24-0700-erp-workarounds-077.md,2026-05-24,07:00,America/Chicago,linkedin,capveri,"MRI export review should leave a trail a second reviewer can follow.

1. Start with the lease rule. MRI recovery billing still needs lease-level QA.

2. Check the source data. Compare share type, billing pool, lease exclusions, and gross-up rules before statements go out.

3. Run the calculation in a way someone else can follow. A tenant can be assigned to the right pool and still use the wrong denominator.

4. Save the support. Run a tenant-by-tenant exception report before final billing.

The issue is usually configuration drift, not a broken ERP.

If the input came from an ERP export, keep the report settings with it.

#mri #camreconciliation #propertymanagement","[mri, camreconciliation, propertymanagement]",false,erp-workarounds,text-long,https://www.capveri.com/resources/export-cam-mri
78,2026-05-24-0800-war-stories-078.md,2026-05-24,08:00,America/Chicago,linkedin,capveri,"The fastest review of pre-send QA starts with the source file.

Before billing, run checks for pool membership, non-recoverable lines, gross-up, caps, and denominator changes.

One excluded GL account caught before billing is cleaner than a revised statement after billing.

Use a pre-send checklist every cycle.

Capture the note before the packet becomes tenant-facing.

The charge can be right and still be poorly supported.

Use this check to find setup drift before it becomes tenant-facing.

A signed reconciliation packet should not be the first time the math is reviewed end to end.

#camreconciliation #propertyaccounting #cre","[camreconciliation, propertyaccounting, cre]",false,war-stories,text-short,https://www.capveri.com/resources/cam-presend-checklist
79,2026-05-24-0900-anti-integration-079.md,2026-05-24,09:00,America/Chicago,linkedin,capveri,"The quiet risk in deterministic CAM math starts before the statement is formatted.

What to verify: use rules, formulas, and source-backed inputs for allocations.

What can go wrong: AI can help read a document, but the charge calculation should come from explicit lease terms.

What to save: GL source, lease rule, calculation input, and tenant impact.

How to close it: Keep calculation logic separate from document extraction.

Watch item: A plausible answer is not enough when money is being billed to tenants.

If the answer depends on a hidden workbook tab, move the support into the close file.

The best version of this review is boring and repeatable.

#camreconciliation #crefinance #proptech","[camreconciliation, crefinance, proptech]",false,anti-integration,carousel,https://www.capveri.com/resources/deterministic-vs-ai-cam
80,2026-05-24-1000-cam-math-080.md,2026-05-24,10:00,America/Chicago,linkedin,capveri,"A tenant question about the base-year stop should not require rebuilding the workbook.

Before billing, normalize one-time items before using the base year as a benchmark.

Storm cleanup in the base year should not quietly lower recoveries for every later year.

Review the base-year pool before current-year allocations.

Save the setup screenshot or export parameter while the file is still open.

Good CAM support follows the charge from source to tenant answer.

If a tenant asks, the answer should already be in the packet.

A messy base year makes every future reconciliation look mathematically correct and economically wrong.

#camreconciliation #baseyear #crefinance","[camreconciliation, baseyear, crefinance]",false,cam-math,text-short,https://www.capveri.com/resources/base-year-expense-stop
81,2026-05-24-1100-industry-news-081.md,2026-05-24,11:00,America/Chicago,linkedin,capveri,"Tax lines are often high-dollar, so weak support gets noticed.

The useful visual is simple: CAM number on one side; source, rule, and trace on the other.

The goal is not more backup. The goal is backup that points to the answer.

#propertytax #camreconciliation #crefinance","[propertytax, camreconciliation, crefinance]",false,industry-news,image-quote,https://www.capveri.com/resources/real-estate-tax-reconciliation
82,2026-05-24-1200-cam-math-082.md,2026-05-24,12:00,America/Chicago,linkedin,capveri,"A review of the pro-rata denominator belongs in CAM close before final billing.

1. Start with the lease rule. A tenant share is only as reliable as the denominator behind it.

2. Check the source data. Match the denominator to the lease, not just the building setup screen.

3. Run the calculation in a way someone else can follow. Building RSF, occupied RSF, floor RSF, and pool RSF can all produce different percentages.

4. Save the support. Store the denominator source next to the calculation output.

Use the first pass to confirm the source, then let the math run.

This check is small, but it keeps the packet from depending on memory.

#camreconciliation #prorata #propertymanagement","[camreconciliation, prorata, propertymanagement]",false,cam-math,text-long,https://www.capveri.com/resources/pro-rata-share-calculation
83,2026-05-24-1300-erp-workarounds-083.md,2026-05-24,13:00,America/Chicago,linkedin,capveri,"RealPage export review: one small setup choice can change the tenant answer.

Before billing, confirm pool membership, exclusions, caps, and date range settings.

A reimbursement pool can include the right GL accounts but the wrong tenant allocation rule.

Use export-based verification before statements leave accounting.

The reviewer needs enough detail to approve the charge without guessing.

The best exception queue is short, specific, and resolved before billing.

The reviewer should be able to see what changed since the prior run.

Export review is cheaper than reopening a tenant packet after questions start.

#realpage #camreconciliation #propertyaccounting","[realpage, camreconciliation, propertyaccounting]",false,erp-workarounds,text-short,https://www.capveri.com/resources/export-cam-realpage
84,2026-05-24-1400-war-stories-084.md,2026-05-24,14:00,America/Chicago,linkedin,capveri,"The packet is not ready until the calculation audit trail is tied back to the source.

Rule: a calculation audit trail connects each output back to its source.

Check: keep GL line, pool assignment, lease clause, factor, cap rule, and tenant allocation together.

Miss: If a tenant asks why their share changed, the answer should not require rebuilding the workbook.

Fix: Store the trace with the final packet.

A spreadsheet total without trace support is fragile evidence.

If the backup lives outside the packet, add the reference before statements go out.

#camaudit #camreconciliation #crefinance","[camaudit, camreconciliation, crefinance]",false,war-stories,video,https://www.capveri.com/resources/self-audit-cam-billing
85,2026-05-24-1500-cam-math-085.md,2026-05-24,15:00,America/Chicago,linkedin,capveri,"A tenant question about CapEx vs. OpEx should not require rebuilding the workbook.

Before billing, look for capitalization clues before the line enters a recoverable pool.

A repairs account can include invoices that deserve a capital-project check.

Document the recoverability decision before the line reaches the tenant statement.

A controller should be able to review this without reopening last year's workbook.

When in doubt, show the denominator.

A review-ready packet does not need drama. It needs traceable inputs.

A GL account called repairs is not proof that every line is recoverable maintenance.

#camreconciliation #opex #propertyaccounting","[camreconciliation, opex, propertyaccounting]",false,cam-math,text-short,https://www.capveri.com/resources/capex-detection-cam
86,2026-05-24-1600-anti-integration-086.md,2026-05-24,16:00,America/Chicago,linkedin,capveri,"Spreadsheet risk should leave a trail a second reviewer can follow.

1. Start with the lease rule. Excel is flexible, but flexibility can hide broken assumptions.

2. Check the source data. Check hard-coded factors, copied formulas, hidden tabs, and stale denominators.

3. Run the calculation in a way someone else can follow. A workbook can pass tie-out while one tenant row still points to last year's denominator.

4. Save the support. Move repeated reconciliation logic into a traceable workflow.

One clear memo now can prevent a long email thread later.

The cleanest workflow keeps the source export and lease rule beside the output.

#camreconciliation #excel #propertyaccounting","[camreconciliation, excel, propertyaccounting]",false,anti-integration,text-long,https://www.capveri.com/resources/data-migration-off-excel
87,2026-05-24-1700-founder-087.md,2026-05-24,17:00,America/Chicago,linkedin,capveri,"Start with the controller workflow.

Lease rule: controllers need exception visibility before they need prettier statements.

Source file: prioritize what changed, what failed, what needs approval, and what is ready to send.

Tenant impact: A tenant with a denominator change belongs in an exception queue, not buried in a PDF packet.

Close file: Design the workflow around review decisions.

Treat the exception note as part of the reconciliation, not an afterthought.

Use this as a first-pass control, then move exceptions into a separate queue.

#propertyaccounting #camreconciliation #crefinance","[propertyaccounting, camreconciliation, crefinance]",false,founder,carousel,https://www.capveri.com/resources/multi-property-cam-workflow
88,2026-05-24-1800-cam-math-088.md,2026-05-24,18:00,America/Chicago,linkedin,capveri,"If the review for management fees is hard to explain, the packet needs work.

Before billing, verify whether the fee is calculated on gross rent, recoverable expenses, or another base.

Applying a fee to an expense pool that already includes the fee can create circular math.

Calculate the fee from the stated lease basis, then document the basis in the packet.

Save the setup screenshot or export parameter while the file is still open.

A tie-out proves totals. It does not by itself show recoverability.

The goal is not more backup. The goal is backup that points to the answer.

Management fee errors are easy to miss because the percentage itself often looks reasonable.

#camreconciliation #managementfees #cre","[camreconciliation, managementfees, cre]",false,cam-math,text-short,https://www.capveri.com/resources/admin-fee-calculation-methods
89,2026-05-24-1900-product-089.md,2026-05-24,19:00,America/Chicago,linkedin,capveri,"Where do tenant questions about the sample report usually start?

A. Taxes and insurance

B. Management fees

C. CapEx classification

D. Pro-rata share changes

A report that only says pass or fail will not help accounting answer the next question.

The reviewer should be able to see what changed since the prior run.

#capveri #camreconciliation #propertymanagement","[capveri, camreconciliation, propertymanagement]",false,product,poll,https://www.capveri.com/sample-report
90,2026-05-24-2000-engagement-090.md,2026-05-24,20:00,America/Chicago,linkedin,capveri,"Where does the handoff around management fees lose the most context?

The math, the source data, the lease interpretation, or the tenant packet support?

Save the setup screenshot or export parameter while the file is still open.

If the backup lives outside the packet, add the reference before statements go out.

#camreconciliation #managementfees #cre","[camreconciliation, managementfees, cre]",false,engagement,text-long,https://www.capveri.com/resources/admin-fee-calculation-methods
91,2026-05-25-0600-cam-math-091.md,2026-05-25,06:00,America/Chicago,linkedin,capveri,"CAM teams do not need more ceremony. They need better checks around the gross-up factor.

1. Start with the lease rule. Gross-up should apply to variable expenses only.

2. Check the source data. Compare actual occupancy to the lease target before applying a factor.

3. Run the calculation in a way someone else can follow. If actual occupancy is already at or above the target, the factor should be 1.0.

4. Save the support. Separate fixed and variable expenses before the reconciliation run.

Capture the note before the packet becomes tenant-facing.

If a statement needs revision, this note should explain exactly where to look.

#camreconciliation #grossup #cre","[camreconciliation, grossup, cre]",false,cam-math,text-long,https://www.capveri.com/resources/cam-gross-up-calculation-guide
92,2026-05-25-0700-erp-workarounds-092.md,2026-05-25,07:00,America/Chicago,linkedin,capveri,"GL export QA can expose drift in an otherwise clean CAM statement.

Before billing, check date filters, accrual timing, entity scope, and excluded accounts.

A late-posted accrual can be outside the export even when the report total ties to the ledger run.

Save the export parameters with the reconciliation file.

If the lease rule changed, the calculation note should change with it.

A tie-out proves totals. It does not by itself show recoverability.

This is the kind of check that should happen before statement formatting starts.

The CSV is the evidence trail. Treat the report settings as part of the evidence.

#yardi #camreconciliation #propertyaccounting","[yardi, camreconciliation, propertyaccounting]",false,erp-workarounds,text-short,https://www.capveri.com/resources/gl-analysis-explained
93,2026-05-25-0800-war-stories-093.md,2026-05-25,08:00,America/Chicago,linkedin,capveri,"The quiet risk in the audit defense packet starts before the statement is formatted.

What to verify: include source export, lease clause reference, calculation trace, and variance notes.

What can go wrong: A tenant asking about landscaping should see the GL lines, allocation basis, and exclusion review.

What to save: GL source, lease rule, calculation input, and tenant impact.

How to close it: Build the audit trail before sending the statement.

Watch item: Waiting until an auditor asks for support usually creates more work than assembling it up front.

The reviewer needs enough detail to approve the charge without guessing.

The close file should show both the accounting source and the lease logic.

#camaudit #camreconciliation #propertymanagement","[camaudit, camreconciliation, propertymanagement]",false,war-stories,carousel,https://www.capveri.com/resources/landlord-cam-audit-defense-playbook
94,2026-05-25-0900-anti-integration-094.md,2026-05-25,09:00,America/Chicago,linkedin,capveri,"A tenant question about export-based verification should not require rebuilding the workbook.

Before billing, use CSV, Excel, and PDF outputs as the input layer.

Keep Yardi or MRI as the system of record, then run an independent lease-term calculation beside it.

Verify the output before changing the system.

Save the setup screenshot or export parameter while the file is still open.

Good CAM support follows the charge from source to tenant answer.

If a tenant asks, the answer should already be in the packet.

The integration is not the proof. The calculation trace is the proof.

#cretech #camreconciliation #yardi","[cretech, camreconciliation, yardi]",false,anti-integration,text-short,https://www.capveri.com/resources/data-migration-off-excel
95,2026-05-25-1000-cam-math-095.md,2026-05-25,10:00,America/Chicago,linkedin,capveri,"When CAM caps changes, the tenant note should change with it.

Setup: caps only work when the base amount and cap type are recorded correctly.

Drift: confirm whether each cap is cumulative, non-cumulative, compounded, or fixed.

Trace: A 5 percent cap can behave very differently depending on whether unused cap room carries forward.

Answer: Keep a cap ledger by tenant and year.

A cap field without the cap type is not enough support for a tenant packet.

If the backup lives outside the packet, add the reference before statements go out.

#camreconciliation #expensecaps #propertyaccounting","[camreconciliation, expensecaps, propertyaccounting]",false,cam-math,video,https://www.capveri.com/resources/cam-expense-caps
96,2026-05-25-1100-industry-news-096.md,2026-05-25,11:00,America/Chicago,linkedin,capveri,"The fastest review of BOMA 2024 starts with the source file.

Before billing, review lease language before applying a new measurement standard.

A lease tied to a specific BOMA version may not behave like a lease that says standards as amended.

Model old and new denominators before updating the billing system.

A controller should be able to review this without reopening last year's workbook.

The earlier review happens, the fewer people have to touch the packet.

Keep the backup simple enough for someone outside accounting to follow.

Do not let a measurement update become a silent billing change.

#boma2024 #camreconciliation #cre","[boma2024, camreconciliation, cre]",false,industry-news,text-short,https://www.capveri.com/resources/boma-2024-implementation-guide
97,2026-05-25-1200-cam-math-097.md,2026-05-25,12:00,America/Chicago,linkedin,capveri,"A review of the base-year stop belongs in CAM close before final billing.

1. Start with the lease rule. Base-year leases compare current recoverable expenses against a baseline year.

2. Check the source data. Normalize one-time items before using the base year as a benchmark.

3. Run the calculation in a way someone else can follow. Storm cleanup in the base year should not quietly lower recoveries for every later year.

4. Save the support. Review the base-year pool before current-year allocations.

A messy base year makes every future reconciliation look mathematically correct and economically wrong.

A tenant-level variance note is useful even when the final charge is correct.

#camreconciliation #baseyear #crefinance","[camreconciliation, baseyear, crefinance]",false,cam-math,text-long,https://www.capveri.com/resources/base-year-expense-stop
98,2026-05-25-1300-erp-workarounds-098.md,2026-05-25,13:00,America/Chicago,linkedin,capveri,"Yardi export review: verify the source before you explain the number.

The useful visual is simple: CAM number on one side; source, rule, and trace on the other.

When the rule changes by tenant, do not let the portfolio default hide it.

#yardi #camreconciliation #cretech","[yardi, camreconciliation, cretech]",false,erp-workarounds,image-quote,https://www.capveri.com/resources/export-cam-yardi-voyager
99,2026-05-25-1400-war-stories-099.md,2026-05-25,14:00,America/Chicago,linkedin,capveri,"Check tenant dispute prep before the packet leaves accounting.

Before billing, review the lines tenants are most likely to question before the packet is sent.

Taxes, insurance, management fees, CapEx, and administrative charges need especially clear support.

Attach the support while the reconciliation is still fresh.

The cleanest fix is usually a better source note, not a longer explanation.

A clean close file beats a cleaner apology.

The approval path matters as much as the formula when the number is questioned.

A vague explanation can make a correct charge look suspect.

#camdisputes #camreconciliation #cre","[camdisputes, camreconciliation, cre]",false,war-stories,text-short,https://www.capveri.com/resources/tenant-cam-dispute
100,2026-05-25-1500-cam-math-100.md,2026-05-25,15:00,America/Chicago,linkedin,capveri,"The quiet risk in the pro-rata denominator starts before the statement is formatted.

What to verify: match the denominator to the lease, not just the building setup screen.

What can go wrong: Building RSF, occupied RSF, floor RSF, and pool RSF can all produce different percentages.

What to save: GL source, lease rule, calculation input, and tenant impact.

How to close it: Store the denominator source next to the calculation output.

Watch item: A percentage with no denominator support is hard to explain after a tenant asks questions.

If the answer depends on a hidden workbook tab, move the support into the close file.

Keep the backup simple enough for someone outside accounting to follow.

#camreconciliation #prorata #propertymanagement","[camreconciliation, prorata, propertymanagement]",false,cam-math,carousel,https://www.capveri.com/resources/pro-rata-share-calculation
101,2026-05-25-1600-anti-integration-101.md,2026-05-25,16:00,America/Chicago,linkedin,capveri,"Watch deterministic CAM math in the tenant packet.

Before billing, use rules, formulas, and source-backed inputs for allocations.

AI can help read a document, but the charge calculation should come from explicit lease terms.

Keep calculation logic separate from document extraction.

Treat the exception note as part of the reconciliation, not an afterthought.

The charge can be right and still be poorly supported.

The issue is easiest to fix while the reconciliation file is still open.

A plausible answer is not enough when money is being billed to tenants.

#camreconciliation #crefinance #proptech","[camreconciliation, crefinance, proptech]",false,anti-integration,text-short,https://www.capveri.com/resources/deterministic-vs-ai-cam
102,2026-05-25-1700-founder-102.md,2026-05-25,17:00,America/Chicago,linkedin,capveri,"The hard part is keeping the export, lease rule, and exception trail together.

It is the setup behind the arithmetic. Reserve time for export QA, lease-rule review, exception resolution, and packet assembly.

CapVeri keeps export review, lease-term logic, and the calculation record in one review path.

A missing source note can create the same delay as a wrong formula.

A calendar will not fix the math, but it keeps the math from being reviewed too late.

#camreconciliation #propertyaccounting #cre","[camreconciliation, propertyaccounting, cre]",false,founder,text-long,https://www.capveri.com/resources/year-end-close-checklist-cam
103,2026-05-25-1800-cam-math-103.md,2026-05-25,18:00,America/Chicago,linkedin,capveri,"Which issue around CapEx vs. OpEx slows down CAM close the most?

A. Missing source support

B. Lease-rule ambiguity

C. ERP setup drift

D. Last-minute exceptions

A GL account called repairs is not proof that every line is recoverable maintenance.

If a tenant asks, the answer should already be in the packet.

#camreconciliation #opex #propertyaccounting","[camreconciliation, opex, propertyaccounting]",false,cam-math,poll,https://www.capveri.com/resources/capex-detection-cam
104,2026-05-25-1900-product-104.md,2026-05-25,19:00,America/Chicago,linkedin,capveri,"Spreadsheets and ERP setup screens can show the output.

CapVeri keeps the export, lease rule, exception, and tenant-level trace in one review path.

Upload the export, map the lease rules, then review tenant-level exceptions before statements go out.

Use it before final billing as an export-based review layer, not as an ERP replacement.

Keep the final answer tied to the exact export used for billing.

#capveri #camreconciliation #cretech","[capveri, camreconciliation, cretech]",false,product,text-short,https://www.capveri.com/product-tour
105,2026-05-25-2000-engagement-105.md,2026-05-25,20:00,America/Chicago,linkedin,capveri,"If you could clean up one part of GL export QA before final billing, what would you choose?

The math, the source data, the lease interpretation, or the tenant packet support?

If the answer depends on a hidden workbook tab, move the support into the close file.

When the rule changes by tenant, do not let the portfolio default hide it.

#yardi #camreconciliation #propertyaccounting","[yardi, camreconciliation, propertyaccounting]",false,engagement,text-short,https://www.capveri.com/resources/gl-analysis-explained
106,2026-05-26-0600-cam-math-106.md,2026-05-26,06:00,America/Chicago,linkedin,capveri,"A tenant question about management fees should not require rebuilding the workbook.

Before billing, verify whether the fee is calculated on gross rent, recoverable expenses, or another base.

Applying a fee to an expense pool that already includes the fee can create circular math.

Calculate the fee from the stated lease basis, then document the basis in the packet.

One clear memo now can prevent a long email thread later.

The earlier review happens, the fewer people have to touch the packet.

Keep the final answer tied to the exact export used for billing.

Management fee errors are easy to miss because the percentage itself often looks reasonable.

#camreconciliation #managementfees #cre","[camreconciliation, managementfees, cre]",false,cam-math,text-short,https://www.capveri.com/resources/admin-fee-calculation-methods
107,2026-05-26-0700-erp-workarounds-107.md,2026-05-26,07:00,America/Chicago,linkedin,capveri,"The quiet risk in MRI export review starts before the statement is formatted.

What to verify: compare share type, billing pool, lease exclusions, and gross-up rules before statements go out.

What can go wrong: A tenant can be assigned to the right pool and still use the wrong denominator.

What to save: GL source, lease rule, calculation input, and tenant impact.

How to close it: Run a tenant-by-tenant exception report before final billing.

Watch item: The issue is usually configuration drift, not a broken ERP.

Capture the note before the packet becomes tenant-facing.

If a statement needs revision, this note should explain exactly where to look.

#mri #camreconciliation #propertymanagement","[mri, camreconciliation, propertymanagement]",false,erp-workarounds,carousel,https://www.capveri.com/resources/export-cam-mri
108,2026-05-26-0800-war-stories-108.md,2026-05-26,08:00,America/Chicago,linkedin,capveri,"Pre-send QA: one small setup choice can change the tenant answer.

Before billing, run checks for pool membership, non-recoverable lines, gross-up, caps, and denominator changes.

One excluded GL account caught before billing is cleaner than a revised statement after billing.

Use a pre-send checklist every cycle.

If the answer depends on a hidden workbook tab, move the support into the close file.

The lease is the control document. The export is the evidence.

The packet should make the next reviewer faster, not dependent on the original preparer.

A signed reconciliation packet should not be the first time the math is reviewed end to end.

#camreconciliation #propertyaccounting #cre","[camreconciliation, propertyaccounting, cre]",false,war-stories,text-short,https://www.capveri.com/resources/cam-presend-checklist
109,2026-05-26-0900-anti-integration-109.md,2026-05-26,09:00,America/Chicago,linkedin,capveri,"The packet gets easier to review when spreadsheet risk is documented early.

1. Start with the lease rule. Excel is flexible, but flexibility can hide broken assumptions.

2. Check the source data. Check hard-coded factors, copied formulas, hidden tabs, and stale denominators.

3. Run the calculation in a way someone else can follow. A workbook can pass tie-out while one tenant row still points to last year's denominator.

4. Save the support. Move repeated reconciliation logic into a traceable workflow.

The risk is not that spreadsheets are bad. The risk is that they are too easy to trust after they tie out.

Use this as a first-pass control, then move exceptions into a separate queue.

#camreconciliation #excel #propertyaccounting","[camreconciliation, excel, propertyaccounting]",false,anti-integration,text-long,https://www.capveri.com/resources/data-migration-off-excel
110,2026-05-26-1000-cam-math-110.md,2026-05-26,10:00,America/Chicago,linkedin,capveri,"Gross-up factor can expose drift in an otherwise clean CAM statement.

Before billing, compare actual occupancy to the lease target before applying a factor.

If actual occupancy is already at or above the target, the factor should be 1.0.

Separate fixed and variable expenses before the reconciliation run.

A controller should be able to review this without reopening last year's workbook.

The best exception queue is short, specific, and resolved before billing.

If the same exception appears twice, make it a control next year.

Keep gross-up limited to the expense categories the lease and review file support.

#camreconciliation #grossup #cre","[camreconciliation, grossup, cre]",false,cam-math,text-short,https://www.capveri.com/resources/cam-gross-up-calculation-guide
111,2026-05-26-1100-industry-news-111.md,2026-05-26,11:00,America/Chicago,linkedin,capveri,"Before you send the CAM packet, check California SB 1103.

Setup: California SB 1103 makes operating-cost support more important for qualified commercial tenants.

Drift: separate legal interpretation from accounting support and keep the source documentation ready.

Trace: A disclosure obligation is much easier to handle when the GL export and allocation logic are already organized.

Answer: Ask counsel how the law applies, then make sure the accounting file can support the response.

Compliance review is easier when the calculation trail is already organized.

If the input came from an ERP export, keep the report settings with it.

#sb1103 #camreconciliation #californiarealestate","[sb1103, camreconciliation, californiarealestate]",false,industry-news,video,https://www.capveri.com/resources/sb-1103-compliance
112,2026-05-26-1200-cam-math-112.md,2026-05-26,12:00,America/Chicago,linkedin,capveri,"Watch CAM caps before final billing.

Before billing, confirm whether each cap is cumulative, non-cumulative, compounded, or fixed.

A 5 percent cap can behave very differently depending on whether unused cap room carries forward.

Keep a cap ledger by tenant and year.

The reviewer needs enough detail to approve the charge without guessing.

Do the work while the context is fresh.

If the input came from an ERP export, keep the report settings with it.

A cap field without the cap type is not enough support for a tenant packet.

#camreconciliation #expensecaps #propertyaccounting","[camreconciliation, expensecaps, propertyaccounting]",false,cam-math,text-short,https://www.capveri.com/resources/cam-expense-caps
113,2026-05-26-1300-erp-workarounds-113.md,2026-05-26,13:00,America/Chicago,linkedin,capveri,"Watch RealPage export review during close.

Before billing, confirm pool membership, exclusions, caps, and date range settings.

A reimbursement pool can include the right GL accounts but the wrong tenant allocation rule.

Use export-based verification before statements leave accounting.

Save the setup screenshot or export parameter while the file is still open.

The earlier review happens, the fewer people have to touch the packet.

The cleanest workflow keeps the source export and lease rule beside the output.

Export review is cheaper than reopening a tenant packet after questions start.

#realpage #camreconciliation #propertyaccounting","[realpage, camreconciliation, propertyaccounting]",false,erp-workarounds,text-short,https://www.capveri.com/resources/export-cam-realpage
114,2026-05-26-1400-war-stories-114.md,2026-05-26,14:00,America/Chicago,linkedin,capveri,"A review of the calculation audit trail belongs in CAM close before final billing.

1. Start with the lease rule. A calculation audit trail connects each output back to its source.

2. Check the source data. Keep GL line, pool assignment, lease clause, factor, cap rule, and tenant allocation together.

3. Run the calculation in a way someone else can follow. If a tenant asks why their share changed, the answer should not require rebuilding the workbook.

4. Save the support. Store the trace with the final packet.

A spreadsheet total without trace support is fragile evidence.

A tenant-level variance note is useful even when the final charge is correct.

#camaudit #camreconciliation #crefinance","[camaudit, camreconciliation, crefinance]",false,war-stories,text-long,https://www.capveri.com/resources/self-audit-cam-billing
115,2026-05-26-1500-cam-math-115.md,2026-05-26,15:00,America/Chicago,linkedin,capveri,"The quiet risk in the base-year stop starts before the statement is formatted.

What to verify: normalize one-time items before using the base year as a benchmark.

What can go wrong: Storm cleanup in the base year should not quietly lower recoveries for every later year.

What to save: GL source, lease rule, calculation input, and tenant impact.

How to close it: Review the base-year pool before current-year allocations.

Watch item: A messy base year makes every future reconciliation look mathematically correct and economically wrong.

Use the first pass to confirm the source, then let the math run.

The packet should make the next reviewer faster, not dependent on the original preparer.

#camreconciliation #baseyear #crefinance","[camreconciliation, baseyear, crefinance]",false,cam-math,carousel,https://www.capveri.com/resources/base-year-expense-stop
116,2026-05-26-1600-anti-integration-116.md,2026-05-26,16:00,America/Chicago,linkedin,capveri,"If the review for export-based verification is hard to explain, the packet needs work.

Before billing, use CSV, Excel, and PDF outputs as the input layer.

Keep Yardi or MRI as the system of record, then run an independent lease-term calculation beside it.

Verify the output before changing the system.

Use the first pass to confirm the source, then let the math run.

The tenant packet should make the next question easier to answer.

If the review depends on judgment, write down the judgment while it is fresh.

The integration is not the proof. The calculation trace is the proof.

#cretech #camreconciliation #yardi","[cretech, camreconciliation, yardi]",false,anti-integration,text-short,https://www.capveri.com/resources/data-migration-off-excel
117,2026-05-26-1700-founder-117.md,2026-05-26,17:00,America/Chicago,linkedin,capveri,"In CAM close, the final arithmetic is usually the easy part.

It is the setup behind the arithmetic. Prioritize what changed, what failed, what needs approval, and what is ready to send.

CapVeri keeps export review, lease-term logic, and the calculation record in one review path.

A short note in the close file is better than a long explanation after billing.

The statement is the last mile. The control point is earlier.

#propertyaccounting #camreconciliation #crefinance","[propertyaccounting, camreconciliation, crefinance]",false,founder,text-short,https://www.capveri.com/resources/multi-property-cam-workflow
118,2026-05-26-1800-cam-math-118.md,2026-05-26,18:00,America/Chicago,linkedin,capveri,"Pro-rata denominator should leave a trail a second reviewer can follow.

1. Start with the lease rule. A tenant share is only as reliable as the denominator behind it.

2. Check the source data. Match the denominator to the lease, not just the building setup screen.

3. Run the calculation in a way someone else can follow. Building RSF, occupied RSF, floor RSF, and pool RSF can all produce different percentages.

4. Save the support. Store the denominator source next to the calculation output.

A controller should be able to review this without reopening last year's workbook.

If the backup lives outside the packet, add the reference before statements go out.

#camreconciliation #prorata #propertymanagement","[camreconciliation, prorata, propertymanagement]",false,cam-math,text-long,https://www.capveri.com/resources/pro-rata-share-calculation
119,2026-05-26-1900-product-119.md,2026-05-26,19:00,America/Chicago,linkedin,capveri,"Sample report: verify the source before you explain the number.

The useful visual is simple: CAM number on one side; source, rule, and trace on the other.

If the backup lives outside the packet, add the reference before statements go out.

#capveri #camreconciliation #propertymanagement","[capveri, camreconciliation, propertymanagement]",false,product,image-quote,https://www.capveri.com/sample-report
120,2026-05-26-2000-engagement-120.md,2026-05-26,20:00,America/Chicago,linkedin,capveri,"Where do tenant questions about Yardi export review usually start?

A. Taxes and insurance

B. Management fees

C. CapEx classification

D. Pro-rata share changes

A correct ERP report means the system followed its setup. It does not by itself show the setup matches the lease.

This is a good place to capture who approved the exception and why.

#yardi #camreconciliation #cretech","[yardi, camreconciliation, cretech]",false,engagement,poll,https://www.capveri.com/resources/export-cam-yardi-voyager
121,2026-05-27-0600-cam-math-121.md,2026-05-27,06:00,America/Chicago,linkedin,capveri,"A GL account called repairs is not proof that every line is recoverable maintenance.

The useful visual is simple: CAM number on one side; source, rule, and trace on the other.

If the rule is portfolio-specific, name the portfolio policy in the file.

#camreconciliation #opex #propertyaccounting","[camreconciliation, opex, propertyaccounting]",false,cam-math,image-quote,https://www.capveri.com/resources/capex-detection-cam
122,2026-05-27-0700-erp-workarounds-122.md,2026-05-27,07:00,America/Chicago,linkedin,capveri,"If the review for GL export QA is hard to explain, the packet needs work.

Before billing, check date filters, accrual timing, entity scope, and excluded accounts.

A late-posted accrual can be outside the export even when the report total ties to the ledger run.

Save the export parameters with the reconciliation file.

The reviewer needs enough detail to approve the charge without guessing.

A clean close file beats a cleaner apology.

Use the review to separate calculation errors from documentation gaps.

The CSV is the evidence trail. Treat the report settings as part of the evidence.

#yardi #camreconciliation #propertyaccounting","[yardi, camreconciliation, propertyaccounting]",false,erp-workarounds,text-short,https://www.capveri.com/resources/gl-analysis-explained
123,2026-05-27-0800-war-stories-123.md,2026-05-27,08:00,America/Chicago,linkedin,capveri,"A review of the audit defense packet belongs in CAM close before final billing.

1. Start with the lease rule. Tenant questions are easier to answer when the packet already explains the math.

2. Check the source data. Include source export, lease clause reference, calculation trace, and variance notes.

3. Run the calculation in a way someone else can follow. A tenant asking about landscaping should see the GL lines, allocation basis, and exclusion review.

4. Save the support. Build the audit trail before sending the statement.

Save the setup screenshot or export parameter while the file is still open.

A missing source note can create the same delay as a wrong formula.

#camaudit #camreconciliation #propertymanagement","[camaudit, camreconciliation, propertymanagement]",false,war-stories,text-long,https://www.capveri.com/resources/landlord-cam-audit-defense-playbook
124,2026-05-27-0900-anti-integration-124.md,2026-05-27,09:00,America/Chicago,linkedin,capveri,"Check deterministic CAM math before the packet leaves accounting.

Before billing, use rules, formulas, and source-backed inputs for allocations.

AI can help read a document, but the charge calculation should come from explicit lease terms.

Keep calculation logic separate from document extraction.

This is the kind of issue that gets expensive only after it is hard to reconstruct.

The charge can be right and still be poorly supported.

This check is small, but it keeps the packet from depending on memory.

A plausible answer is not enough when money is being billed to tenants.

#camreconciliation #crefinance #proptech","[camreconciliation, crefinance, proptech]",false,anti-integration,text-short,https://www.capveri.com/resources/deterministic-vs-ai-cam
125,2026-05-27-1000-cam-math-125.md,2026-05-27,10:00,America/Chicago,linkedin,capveri,"If the review for management fees is hard to explain, the packet needs work.

Before billing, verify whether the fee is calculated on gross rent, recoverable expenses, or another base.

Applying a fee to an expense pool that already includes the fee can create circular math.

Calculate the fee from the stated lease basis, then document the basis in the packet.

If the answer depends on a hidden workbook tab, move the support into the close file.

The charge can be right and still be poorly supported.

This is the kind of check that should happen before statement formatting starts.

Management fee errors are easy to miss because the percentage itself often looks reasonable.

#camreconciliation #managementfees #cre","[camreconciliation, managementfees, cre]",false,cam-math,text-short,https://www.capveri.com/resources/admin-fee-calculation-methods
126,2026-05-27-1100-industry-news-126.md,2026-05-27,11:00,America/Chicago,linkedin,capveri,"Property tax pass-throughs belongs in review before the packet goes out.

Input: tax pass-throughs can move tenant charges quickly.

Review step: separate assessment changes, refunds, appeals, and prior-year adjustments.

Common miss: A tax refund should be tracked back to the tenants and years affected by the original charge.

Approval trail: Tie the tax line to the bill, appeal status, allocation rule, and recovery period.

Final check: Tax lines are often high-dollar, so weak support gets noticed.

If the issue repeats next year, the note should still make sense.

#propertytax #camreconciliation #crefinance","[propertytax, camreconciliation, crefinance]",false,industry-news,carousel,https://www.capveri.com/resources/real-estate-tax-reconciliation
127,2026-05-27-1200-cam-math-127.md,2026-05-27,12:00,America/Chicago,linkedin,capveri,"A review of the gross-up factor belongs in CAM close before final billing.

1. Start with the lease rule. Gross-up should apply to variable expenses only.

2. Check the source data. Compare actual occupancy to the lease target before applying a factor.

3. Run the calculation in a way someone else can follow. If actual occupancy is already at or above the target, the factor should be 1.0.

4. Save the support. Separate fixed and variable expenses before the reconciliation run.

Treat the exception note as part of the reconciliation, not an afterthought.

Use the review to separate calculation errors from documentation gaps.

#camreconciliation #grossup #cre","[camreconciliation, grossup, cre]",false,cam-math,text-long,https://www.capveri.com/resources/cam-gross-up-calculation-guide
128,2026-05-27-1300-erp-workarounds-128.md,2026-05-27,13:00,America/Chicago,linkedin,capveri,"If the review for Yardi export review is hard to explain, the packet needs work.

Before billing, review recovery pool, share type, gross-up, cap, and exclusion settings against the lease.

The report can run cleanly while one tenant uses the wrong share type.

Export the data, recalculate independently, then compare.

The cleanest fix is usually a better source note, not a longer explanation.

Good CAM support follows the charge from source to tenant answer.

The issue is easiest to fix while the reconciliation file is still open.

A correct ERP report means the system followed its setup. It does not by itself show the setup matches the lease.

#yardi #camreconciliation #cretech","[yardi, camreconciliation, cretech]",false,erp-workarounds,text-short,https://www.capveri.com/resources/export-cam-yardi-voyager
129,2026-05-27-1400-war-stories-129.md,2026-05-27,14:00,America/Chicago,linkedin,capveri,"Tenant disputes can expose drift in an otherwise clean CAM statement.

Before billing, review the lines tenants are most likely to question before the packet is sent.

Taxes, insurance, management fees, CapEx, and administrative charges need especially clear support.

Attach the support while the reconciliation is still fresh.

A controller should be able to review this without reopening last year's workbook.

The best exception queue is short, specific, and resolved before billing.

If the same exception appears twice, make it a control next year.

A vague explanation can make a correct charge look suspect.

#camdisputes #camreconciliation #cre","[camdisputes, camreconciliation, cre]",false,war-stories,text-short,https://www.capveri.com/resources/tenant-cam-dispute
130,2026-05-27-1500-cam-math-130.md,2026-05-27,15:00,America/Chicago,linkedin,capveri,"A clean close file shows how CAM caps moved from source to tenant answer.

Input: caps only work when the base amount and cap type are recorded correctly.

Review: confirm whether each cap is cumulative, non-cumulative, compounded, or fixed.

Evidence: A 5 percent cap can behave very differently depending on whether unused cap room carries forward.

Close: Keep a cap ledger by tenant and year.

A cap field without the cap type is not enough support for a tenant packet.

When the rule changes by tenant, do not let the portfolio default hide it.

#camreconciliation #expensecaps #propertyaccounting","[camreconciliation, expensecaps, propertyaccounting]",false,cam-math,video,https://www.capveri.com/resources/cam-expense-caps
131,2026-05-27-1600-anti-integration-131.md,2026-05-27,16:00,America/Chicago,linkedin,capveri,"The packet gets easier to review when spreadsheet risk is documented early.

1. Start with the lease rule. Excel is flexible, but flexibility can hide broken assumptions.

2. Check the source data. Check hard-coded factors, copied formulas, hidden tabs, and stale denominators.

3. Run the calculation in a way someone else can follow. A workbook can pass tie-out while one tenant row still points to last year's denominator.

4. Save the support. Move repeated reconciliation logic into a traceable workflow.

If the lease rule changed, the calculation note should change with it.

The goal is not more backup. The goal is backup that points to the answer.

#camreconciliation #excel #propertyaccounting","[camreconciliation, excel, propertyaccounting]",false,anti-integration,text-long,https://www.capveri.com/resources/data-migration-off-excel
132,2026-05-27-1700-founder-132.md,2026-05-27,17:00,America/Chicago,linkedin,capveri,"The part of CAM work that gets missed is usually upstream of the final statement.

It is the setup behind the arithmetic. Reserve time for export QA, lease-rule review, exception resolution, and packet assembly.

CapVeri keeps export review, lease-term logic, and the calculation record in one review path.

This check is small, but it keeps the packet from depending on memory.

A calendar will not fix the math, but it keeps the math from being reviewed too late.

#camreconciliation #propertyaccounting #cre","[camreconciliation, propertyaccounting, cre]",false,founder,text-short,https://www.capveri.com/resources/year-end-close-checklist-cam
133,2026-05-27-1800-cam-math-133.md,2026-05-27,18:00,America/Chicago,linkedin,capveri,"The quiet risk in the base-year stop starts before the statement is formatted.

What to verify: normalize one-time items before using the base year as a benchmark.

What can go wrong: Storm cleanup in the base year should not quietly lower recoveries for every later year.

What to save: GL source, lease rule, calculation input, and tenant impact.

How to close it: Review the base-year pool before current-year allocations.

Watch item: A messy base year makes every future reconciliation look mathematically correct and economically wrong.

If the answer depends on a hidden workbook tab, move the support into the close file.

If the same exception appears twice, make it a control next year.

#camreconciliation #baseyear #crefinance","[camreconciliation, baseyear, crefinance]",false,cam-math,carousel,https://www.capveri.com/resources/base-year-expense-stop
134,2026-05-27-1900-product-134.md,2026-05-27,19:00,America/Chicago,linkedin,capveri,"Spreadsheets and ERP setup screens can show the output.

CapVeri keeps the export, lease rule, exception, and tenant-level trace in one review path.

Upload the export, map the lease rules, then review tenant-level exceptions before statements go out.

Use it before final billing as an export-based review layer, not as an ERP replacement.

When the rule changes by tenant, do not let the portfolio default hide it.

#capveri #camreconciliation #cretech","[capveri, camreconciliation, cretech]",false,product,text-short,https://www.capveri.com/product-tour
135,2026-05-27-2000-engagement-135.md,2026-05-27,20:00,America/Chicago,linkedin,capveri,"Which issue around MRI export review slows down CAM close the most?

A. Missing source support

B. Lease-rule ambiguity

C. ERP setup drift

D. Last-minute exceptions

The issue is usually configuration drift, not a broken ERP.

The approval path matters as much as the formula when the number is questioned.

#mri #camreconciliation #propertymanagement","[mri, camreconciliation, propertymanagement]",false,engagement,poll,https://www.capveri.com/resources/export-cam-mri
136,2026-05-28-0600-cam-math-136.md,2026-05-28,06:00,America/Chicago,linkedin,capveri,"Pro-rata denominator can expose drift in an otherwise clean CAM statement.

Before billing, match the denominator to the lease, not just the building setup screen.

Building RSF, occupied RSF, floor RSF, and pool RSF can all produce different percentages.

Store the denominator source next to the calculation output.

If the lease rule changed, the calculation note should change with it.

The useful backup is boring: source, rule, input, output.

Use this check to find setup drift before it becomes tenant-facing.

A percentage with no denominator support is hard to explain after a tenant asks questions.

#camreconciliation #prorata #propertymanagement","[camreconciliation, prorata, propertymanagement]",false,cam-math,text-short,https://www.capveri.com/resources/pro-rata-share-calculation
137,2026-05-28-0700-erp-workarounds-137.md,2026-05-28,07:00,America/Chicago,linkedin,capveri,"Here is the review path for MRI export review.

1. Start with the lease rule. MRI recovery billing still needs lease-level QA.

2. Check the source data. Compare share type, billing pool, lease exclusions, and gross-up rules before statements go out.

3. Run the calculation in a way someone else can follow. A tenant can be assigned to the right pool and still use the wrong denominator.

4. Save the support. Run a tenant-by-tenant exception report before final billing.

The useful backup is boring: source, rule, input, output.

A short note in the close file is better than a long explanation after billing.

#mri #camreconciliation #propertymanagement","[mri, camreconciliation, propertymanagement]",false,erp-workarounds,text-long,https://www.capveri.com/resources/export-cam-mri
138,2026-05-28-0800-war-stories-138.md,2026-05-28,08:00,America/Chicago,linkedin,capveri,"Pre-send QA: verify the source before you explain the number.

The useful visual is simple: CAM number on one side; source, rule, and trace on the other.

The reviewer should be able to see what changed since the prior run.

#camreconciliation #propertyaccounting #cre","[camreconciliation, propertyaccounting, cre]",false,war-stories,image-quote,https://www.capveri.com/resources/cam-presend-checklist
139,2026-05-28-0900-anti-integration-139.md,2026-05-28,09:00,America/Chicago,linkedin,capveri,"The quiet risk in export-based verification starts before the statement is formatted.

What to verify: use CSV, Excel, and PDF outputs as the input layer.

What can go wrong: Keep Yardi or MRI as the system of record, then run an independent lease-term calculation beside it.

What to save: GL source, lease rule, calculation input, and tenant impact.

How to close it: Verify the output before changing the system.

Watch item: The integration is not the proof. The calculation trace is the proof.

A controller should be able to review this without reopening last year's workbook.

If the backup lives outside the packet, add the reference before statements go out.

#cretech #camreconciliation #yardi","[cretech, camreconciliation, yardi]",false,anti-integration,carousel,https://www.capveri.com/resources/data-migration-off-excel
140,2026-05-28-1000-cam-math-140.md,2026-05-28,10:00,America/Chicago,linkedin,capveri,"The fastest review of CapEx vs. OpEx starts with the source file.

Before billing, compare repair accounts against descriptions that suggest upgrades or useful-life changes.

The GL account name may say maintenance while the invoice description points to an improvement.

Keep the CapEx review note beside the GL line, not in a separate email thread.

Use the first pass to confirm the source, then let the math run.

Small setup drift is still drift.

A short note in the close file is better than a long explanation after billing.

A GL account called repairs is not proof that every line is recoverable maintenance.

#camreconciliation #opex #propertyaccounting","[camreconciliation, opex, propertyaccounting]",false,cam-math,text-short,https://www.capveri.com/resources/capex-detection-cam
141,2026-05-28-1100-industry-news-141.md,2026-05-28,11:00,America/Chicago,linkedin,capveri,"BOMA 2024: one small setup choice can change the tenant answer.

Before billing, review lease language before applying a new measurement standard.

A lease tied to a specific BOMA version may not behave like a lease that says standards as amended.

Model old and new denominators before updating the billing system.

Save the setup screenshot or export parameter while the file is still open.

If the rule is hard to explain internally, it will be harder to support externally.

Use this check to find setup drift before it becomes tenant-facing.

Do not let a measurement update become a silent billing change.

#boma2024 #camreconciliation #cre","[boma2024, camreconciliation, cre]",false,industry-news,text-short,https://www.capveri.com/resources/boma-2024-implementation-guide
142,2026-05-28-1200-cam-math-142.md,2026-05-28,12:00,America/Chicago,linkedin,capveri,"A review of management fees belongs in CAM close before final billing.

1. Start with the lease rule. Management fees depend on the lease basis and any fee cap.

2. Check the source data. Verify whether the fee is calculated on gross rent, recoverable expenses, or another base.

3. Run the calculation in a way someone else can follow. Applying a fee to an expense pool that already includes the fee can create circular math.

4. Save the support. Calculate the fee from the stated lease basis, then document the basis in the packet.

Management fee errors are easy to miss because the percentage itself often looks reasonable.

This is a good place to capture who approved the exception and why.

#camreconciliation #managementfees #cre","[camreconciliation, managementfees, cre]",false,cam-math,text-long,https://www.capveri.com/resources/admin-fee-calculation-methods
143,2026-05-28-1300-erp-workarounds-143.md,2026-05-28,13:00,America/Chicago,linkedin,capveri,"Review the RealPage export settings before statements go out.

Setup: RealPage exports should be checked against lease terms before allocation.

Drift: confirm pool membership, exclusions, caps, and date range settings.

Trace: A reimbursement pool can include the right GL accounts but the wrong tenant allocation rule.

Answer: Use export-based verification before statements leave accounting.

Export review is cheaper than reopening a tenant packet after questions start.

If the review depends on judgment, write down the judgment while it is fresh.

#realpage #camreconciliation #propertyaccounting","[realpage, camreconciliation, propertyaccounting]",false,erp-workarounds,video,https://www.capveri.com/resources/export-cam-realpage
144,2026-05-28-1400-war-stories-144.md,2026-05-28,14:00,America/Chicago,linkedin,capveri,"Watch the calculation audit trail when a tenant asks for support.

Before billing, keep GL line, pool assignment, lease clause, factor, cap rule, and tenant allocation together.

If a tenant asks why their share changed, the answer should not require rebuilding the workbook.

Store the trace with the final packet.

One clear memo now can prevent a long email thread later.

If the rule is hard to explain internally, it will be harder to support externally.

A clean exception list is easier to manage than scattered comments in a workbook.

A spreadsheet total without trace support is fragile evidence.

#camaudit #camreconciliation #crefinance","[camaudit, camreconciliation, crefinance]",false,war-stories,text-short,https://www.capveri.com/resources/self-audit-cam-billing
145,2026-05-28-1500-cam-math-145.md,2026-05-28,15:00,America/Chicago,linkedin,capveri,"The fastest review of the gross-up factor starts with the source file.

Before billing, compare actual occupancy to the lease target before applying a factor.

If actual occupancy is already at or above the target, the factor should be 1.0.

Separate fixed and variable expenses before the reconciliation run.

The reviewer needs enough detail to approve the charge without guessing.

The earlier review happens, the fewer people have to touch the packet.

If the review depends on judgment, write down the judgment while it is fresh.

Keep gross-up limited to the expense categories the lease and review file support.

#camreconciliation #grossup #cre","[camreconciliation, grossup, cre]",false,cam-math,text-short,https://www.capveri.com/resources/cam-gross-up-calculation-guide
146,2026-05-28-1600-anti-integration-146.md,2026-05-28,16:00,America/Chicago,linkedin,capveri,"The quiet risk in deterministic CAM math starts before the statement is formatted.

What to verify: use rules, formulas, and source-backed inputs for allocations.

What can go wrong: AI can help read a document, but the charge calculation should come from explicit lease terms.

What to save: GL source, lease rule, calculation input, and tenant impact.

How to close it: Keep calculation logic separate from document extraction.

Watch item: A plausible answer is not enough when money is being billed to tenants.

Capture the note before the packet becomes tenant-facing.

If the issue repeats next year, the note should still make sense.

#camreconciliation #crefinance #proptech","[camreconciliation, crefinance, proptech]",false,anti-integration,carousel,https://www.capveri.com/resources/deterministic-vs-ai-cam
147,2026-05-28-1700-founder-147.md,2026-05-28,17:00,America/Chicago,linkedin,capveri,"A cleaner CAM process starts before the PDF packet exists.

It is the setup behind the arithmetic. Prioritize what changed, what failed, what needs approval, and what is ready to send.

CapVeri keeps export review, lease-term logic, and the calculation record in one review path.

The reviewer should be able to see what changed since the prior run.

The statement is the last mile. The control point is earlier.

#propertyaccounting #camreconciliation #crefinance","[propertyaccounting, camreconciliation, crefinance]",false,founder,text-long,https://www.capveri.com/resources/multi-property-cam-workflow
148,2026-05-28-1800-cam-math-148.md,2026-05-28,18:00,America/Chicago,linkedin,capveri,"A tenant question about CAM caps should not require rebuilding the workbook.

Before billing, confirm whether each cap is cumulative, non-cumulative, compounded, or fixed.

A 5 percent cap can behave very differently depending on whether unused cap room carries forward.

Keep a cap ledger by tenant and year.

Use the first pass to confirm the source, then let the math run.

Good CAM support follows the charge from source to tenant answer.

This is the kind of check that should happen before statement formatting starts.

A cap field without the cap type is not enough support for a tenant packet.

#camreconciliation #expensecaps #propertyaccounting","[camreconciliation, expensecaps, propertyaccounting]",false,cam-math,text-short,https://www.capveri.com/resources/cam-expense-caps
149,2026-05-28-1900-product-149.md,2026-05-28,19:00,America/Chicago,linkedin,capveri,"Which issue around the sample report slows down CAM close the most?

A. Missing source support

B. Lease-rule ambiguity

C. ERP setup drift

D. Last-minute exceptions

A report that only says pass or fail will not help accounting answer the next question.

This is a good place to capture who approved the exception and why.

#capveri #camreconciliation #propertymanagement","[capveri, camreconciliation, propertymanagement]",false,product,poll,https://www.capveri.com/sample-report
150,2026-05-28-2000-engagement-150.md,2026-05-28,20:00,America/Chicago,linkedin,capveri,"Where does the handoff around RealPage export review lose the most context?

The math, the source data, the lease interpretation, or the tenant packet support?

If the lease rule changed, the calculation note should change with it.

The cleanest workflow keeps the source export and lease rule beside the output.

#realpage #camreconciliation #propertyaccounting","[realpage, camreconciliation, propertyaccounting]",false,engagement,text-short,https://www.capveri.com/resources/export-cam-realpage
151,2026-05-29-0600-cam-math-151.md,2026-05-29,06:00,America/Chicago,linkedin,capveri,"If the review for the base-year stop is hard to explain, the packet needs work.

Before billing, normalize one-time items before using the base year as a benchmark.

Storm cleanup in the base year should not quietly lower recoveries for every later year.

Review the base-year pool before current-year allocations.

A controller should be able to review this without reopening last year's workbook.

Do the work while the context is fresh.

A missing source note can create the same delay as a wrong formula.

A messy base year makes every future reconciliation look mathematically correct and economically wrong.

#camreconciliation #baseyear #crefinance","[camreconciliation, baseyear, crefinance]",false,cam-math,text-short,https://www.capveri.com/resources/base-year-expense-stop
152,2026-05-29-0700-erp-workarounds-152.md,2026-05-29,07:00,America/Chicago,linkedin,capveri,"GL export QA should leave a trail a second reviewer can follow.

1. Start with the lease rule. An export can balance and still be incomplete for CAM work.

2. Check the source data. Check date filters, accrual timing, entity scope, and excluded accounts.

3. Run the calculation in a way someone else can follow. A late-posted accrual can be outside the export even when the report total ties to the ledger run.

4. Save the support. Save the export parameters with the reconciliation file.

Save the setup screenshot or export parameter while the file is still open.

Keep the final answer tied to the exact export used for billing.

#yardi #camreconciliation #propertyaccounting","[yardi, camreconciliation, propertyaccounting]",false,erp-workarounds,text-long,https://www.capveri.com/resources/gl-analysis-explained
153,2026-05-29-0800-war-stories-153.md,2026-05-29,08:00,America/Chicago,linkedin,capveri,"If the review for the audit defense packet is hard to explain, the packet needs work.

Before billing, include source export, lease clause reference, calculation trace, and variance notes.

A tenant asking about landscaping should see the GL lines, allocation basis, and exclusion review.

Build the audit trail before sending the statement.

This is the kind of issue that gets expensive only after it is hard to reconstruct.

Small setup drift is still drift.

When the rule changes by tenant, do not let the portfolio default hide it.

Waiting until an auditor asks for support usually creates more work than assembling it up front.

#camaudit #camreconciliation #propertymanagement","[camaudit, camreconciliation, propertymanagement]",false,war-stories,text-short,https://www.capveri.com/resources/landlord-cam-audit-defense-playbook
154,2026-05-29-0900-anti-integration-154.md,2026-05-29,09:00,America/Chicago,linkedin,capveri,"Spreadsheet risk belongs in review before the packet goes out.

Input: Excel is flexible, but flexibility can hide broken assumptions.

Review step: check hard-coded factors, copied formulas, hidden tabs, and stale denominators.

Common miss: A workbook can pass tie-out while one tenant row still points to last year's denominator.

Approval trail: Move repeated reconciliation logic into a traceable workflow.

Final check: The risk is not that spreadsheets are bad. The risk is that they are too easy to trust after they tie out.

The approval path matters as much as the formula when the number is questioned.

#camreconciliation #excel #propertyaccounting","[camreconciliation, excel, propertyaccounting]",false,anti-integration,carousel,https://www.capveri.com/resources/data-migration-off-excel
155,2026-05-29-1000-cam-math-155.md,2026-05-29,10:00,America/Chicago,linkedin,capveri,"Pro-rata denominator: one small setup choice can change the tenant answer.

Before billing, match the denominator to the lease, not just the building setup screen.

Building RSF, occupied RSF, floor RSF, and pool RSF can all produce different percentages.

Store the denominator source next to the calculation output.

This is the kind of issue that gets expensive only after it is hard to reconstruct.

The earlier review happens, the fewer people have to touch the packet.

A review-ready packet does not need drama. It needs traceable inputs.

A percentage with no denominator support is hard to explain after a tenant asks questions.

#camreconciliation #prorata #propertymanagement","[camreconciliation, prorata, propertymanagement]",false,cam-math,text-short,https://www.capveri.com/resources/pro-rata-share-calculation
156,2026-05-29-1100-industry-news-156.md,2026-05-29,11:00,America/Chicago,linkedin,capveri,"A CAM total is not support. The support is the trace behind it.

The useful visual is simple: CAM number on one side; source, rule, and trace on the other.

This is the kind of check that should happen before statement formatting starts.

#sb1103 #camreconciliation #californiarealestate","[sb1103, camreconciliation, californiarealestate]",false,industry-news,image-quote,https://www.capveri.com/resources/sb-1103-compliance
157,2026-05-29-1200-cam-math-157.md,2026-05-29,12:00,America/Chicago,linkedin,capveri,"A review of CapEx vs. OpEx belongs in CAM close before final billing.

1. Start with the lease rule. Capital projects need separate recoverability review before they enter a CAM pool.

2. Check the source data. Look for capitalization clues before the line enters a recoverable pool.

3. Run the calculation in a way someone else can follow. A repairs account can include invoices that deserve a capital-project check.

4. Save the support. Document the recoverability decision before the line reaches the tenant statement.

The tenant packet should make the next question easier to answer.

A cleaner packet gives the property team fewer follow-up questions to answer.

#camreconciliation #opex #propertyaccounting","[camreconciliation, opex, propertyaccounting]",false,cam-math,text-long,https://www.capveri.com/resources/capex-detection-cam
158,2026-05-29-1300-erp-workarounds-158.md,2026-05-29,13:00,America/Chicago,linkedin,capveri,"The fastest review of Yardi export review starts with the source file.

Before billing, review recovery pool, share type, gross-up, cap, and exclusion settings against the lease.

The report can run cleanly while one tenant uses the wrong share type.

Export the data, recalculate independently, then compare.

A controller should be able to review this without reopening last year's workbook.

The charge can be right and still be poorly supported.

The goal is not more backup. The goal is backup that points to the answer.

A correct ERP report means the system followed its setup. It does not by itself show the setup matches the lease.

#yardi #camreconciliation #cretech","[yardi, camreconciliation, cretech]",false,erp-workarounds,text-short,https://www.capveri.com/resources/export-cam-yardi-voyager
159,2026-05-29-1400-war-stories-159.md,2026-05-29,14:00,America/Chicago,linkedin,capveri,"Before you send the CAM packet, check tenant dispute prep.

Source: many disputes start with missing support, not a dramatic accounting error.

Lease: review the lines tenants are most likely to question before the packet is sent.

Exception: Taxes, insurance, management fees, CapEx, and administrative charges need especially clear support.

Packet: Attach the support while the reconciliation is still fresh.

A vague explanation can make a correct charge look suspect.

If the input came from an ERP export, keep the report settings with it.

#camdisputes #camreconciliation #cre","[camdisputes, camreconciliation, cre]",false,war-stories,video,https://www.capveri.com/resources/tenant-cam-dispute
160,2026-05-29-1500-cam-math-160.md,2026-05-29,15:00,America/Chicago,linkedin,capveri,"Management fees: one small setup choice can change the tenant answer.

Before billing, verify whether the fee is calculated on gross rent, recoverable expenses, or another base.

Applying a fee to an expense pool that already includes the fee can create circular math.

Calculate the fee from the stated lease basis, then document the basis in the packet.

Treat the exception note as part of the reconciliation, not an afterthought.

The lease is the control document. The export is the evidence.

The best version of this review is boring and repeatable.

Management fee errors are easy to miss because the percentage itself often looks reasonable.

#camreconciliation #managementfees #cre","[camreconciliation, managementfees, cre]",false,cam-math,text-short,https://www.capveri.com/resources/admin-fee-calculation-methods
161,2026-05-29-1600-anti-integration-161.md,2026-05-29,16:00,America/Chicago,linkedin,capveri,"Export-based verification should leave a trail a second reviewer can follow.

1. Start with the lease rule. CAM verification can work from exports without replacing the ERP.

2. Check the source data. Use CSV, Excel, and PDF outputs as the input layer.

3. Run the calculation in a way someone else can follow. Keep Yardi or MRI as the system of record, then run an independent lease-term calculation beside it.

4. Save the support. Verify the output before changing the system.

A tie-out proves totals. It does not by itself show recoverability.

The best version of this review is boring and repeatable.

#cretech #camreconciliation #yardi","[cretech, camreconciliation, yardi]",false,anti-integration,text-long,https://www.capveri.com/resources/data-migration-off-excel
162,2026-05-29-1700-founder-162.md,2026-05-29,17:00,America/Chicago,linkedin,capveri,"Start with the CAM close calendar.

Lease rule: CAM close works better when review steps are scheduled before statement drafting.

Source file: reserve time for export QA, lease-rule review, exception resolution, and packet assembly.

Tenant impact: Do not discover missing lease abstracts after the GL has already been finalized.

Close file: Treat CAM close like a finance close, with controls and owners.

Save the setup screenshot or export parameter while the file is still open.

Keep the final answer tied to the exact export used for billing.

#camreconciliation #propertyaccounting #cre","[camreconciliation, propertyaccounting, cre]",false,founder,carousel,https://www.capveri.com/resources/year-end-close-checklist-cam
163,2026-05-29-1800-cam-math-163.md,2026-05-29,18:00,America/Chicago,linkedin,capveri,"Check the gross-up factor before the packet leaves accounting.

Before billing, compare actual occupancy to the lease target before applying a factor.

If actual occupancy is already at or above the target, the factor should be 1.0.

Separate fixed and variable expenses before the reconciliation run.

This is the kind of issue that gets expensive only after it is hard to reconstruct.

When in doubt, show the denominator.

A short note in the close file is better than a long explanation after billing.

Keep gross-up limited to the expense categories the lease and review file support.

#camreconciliation #grossup #cre","[camreconciliation, grossup, cre]",false,cam-math,text-short,https://www.capveri.com/resources/cam-gross-up-calculation-guide
164,2026-05-29-1900-product-164.md,2026-05-29,19:00,America/Chicago,linkedin,capveri,"What would make the next the CapVeri trace review easier?

A. Clearer GL detail

B. Better lease references

C. Tenant-level variance notes

D. Cleaner packet format

The goal is not to replace the ERP. The goal is to make the output easier to review.

The approval path matters as much as the formula when the number is questioned.

#capveri #camreconciliation #cretech","[capveri, camreconciliation, cretech]",false,product,poll,https://www.capveri.com/product-tour
165,2026-05-29-2000-engagement-165.md,2026-05-29,20:00,America/Chicago,linkedin,capveri,"Which backup item around the audit defense packet gets requested most often?

The math, the source data, the lease interpretation, or the tenant packet support?

Use the first pass to confirm the source, then let the math run.

A review-ready packet does not need drama. It needs traceable inputs.

#camaudit #camreconciliation #propertymanagement","[camaudit, camreconciliation, propertymanagement]",false,engagement,text-long,https://www.capveri.com/resources/landlord-cam-audit-defense-playbook
166,2026-05-30-0600-cam-math-166.md,2026-05-30,06:00,America/Chicago,linkedin,capveri,"CAM teams do not need more ceremony. They need better checks around CAM caps.

1. Start with the lease rule. Caps only work when the base amount and cap type are recorded correctly.

2. Check the source data. Confirm whether each cap is cumulative, non-cumulative, compounded, or fixed.

3. Run the calculation in a way someone else can follow. A 5 percent cap can behave very differently depending on whether unused cap room carries forward.

4. Save the support. Keep a cap ledger by tenant and year.

A tie-out proves totals. It does not by itself show recoverability.

The cleanest workflow keeps the source export and lease rule beside the output.

#camreconciliation #expensecaps #propertyaccounting","[camreconciliation, expensecaps, propertyaccounting]",false,cam-math,text-long,https://www.capveri.com/resources/cam-expense-caps
167,2026-05-30-0700-erp-workarounds-167.md,2026-05-30,07:00,America/Chicago,linkedin,capveri,"Check MRI export review before the packet leaves accounting.

Before billing, compare share type, billing pool, lease exclusions, and gross-up rules before statements go out.

A tenant can be assigned to the right pool and still use the wrong denominator.

Run a tenant-by-tenant exception report before final billing.

The cleanest fix is usually a better source note, not a longer explanation.

If the rule is hard to explain internally, it will be harder to support externally.

This is a good place to capture who approved the exception and why.

The issue is usually configuration drift, not a broken ERP.

#mri #camreconciliation #propertymanagement","[mri, camreconciliation, propertymanagement]",false,erp-workarounds,text-short,https://www.capveri.com/resources/export-cam-mri
168,2026-05-30-0800-war-stories-168.md,2026-05-30,08:00,America/Chicago,linkedin,capveri,"Pre-send QA belongs in review before the packet goes out.

Input: the best time to catch a CAM issue is before the tenant packet goes out.

Review step: run checks for pool membership, non-recoverable lines, gross-up, caps, and denominator changes.

Common miss: One excluded GL account caught before billing is cleaner than a revised statement after billing.

Approval trail: Use a pre-send checklist every cycle.

Final check: A signed reconciliation packet should not be the first time the math is reviewed end to end.

The cleanest workflow keeps the source export and lease rule beside the output.

#camreconciliation #propertyaccounting #cre","[camreconciliation, propertyaccounting, cre]",false,war-stories,carousel,https://www.capveri.com/resources/cam-presend-checklist
169,2026-05-30-0900-anti-integration-169.md,2026-05-30,09:00,America/Chicago,linkedin,capveri,"Watch deterministic CAM math before statements go out.

Before billing, use rules, formulas, and source-backed inputs for allocations.

AI can help read a document, but the charge calculation should come from explicit lease terms.

Keep calculation logic separate from document extraction.

Treat the exception note as part of the reconciliation, not an afterthought.

When in doubt, show the denominator.

A tenant-level variance note is useful even when the final charge is correct.

A plausible answer is not enough when money is being billed to tenants.

#camreconciliation #crefinance #proptech","[camreconciliation, crefinance, proptech]",false,anti-integration,text-short,https://www.capveri.com/resources/deterministic-vs-ai-cam
170,2026-05-30-1000-cam-math-170.md,2026-05-30,10:00,America/Chicago,linkedin,capveri,"Base-year stop deserves a source check before anyone formats the packet.

Setup: base-year leases compare current recoverable expenses against a baseline year.

Drift: normalize one-time items before using the base year as a benchmark.

Trace: Storm cleanup in the base year should not quietly lower recoveries for every later year.

Answer: Review the base-year pool before current-year allocations.

A messy base year makes every future reconciliation look mathematically correct and economically wrong.

Keep the backup simple enough for someone outside accounting to follow.

#camreconciliation #baseyear #crefinance","[camreconciliation, baseyear, crefinance]",false,cam-math,video,https://www.capveri.com/resources/base-year-expense-stop
171,2026-05-30-1100-industry-news-171.md,2026-05-30,11:00,America/Chicago,linkedin,capveri,"Check property tax pass-throughs before the packet leaves accounting.

Before billing, separate assessment changes, refunds, appeals, and prior-year adjustments.

A tax refund should be tracked back to the tenants and years affected by the original charge.

Tie the tax line to the bill, appeal status, allocation rule, and recovery period.

The reviewer needs enough detail to approve the charge without guessing.

A tie-out proves totals. It does not by itself show recoverability.

The best version of this review is boring and repeatable.

Tax lines are often high-dollar, so weak support gets noticed.

#propertytax #camreconciliation #crefinance","[propertytax, camreconciliation, crefinance]",false,industry-news,text-short,https://www.capveri.com/resources/real-estate-tax-reconciliation
172,2026-05-30-1200-cam-math-172.md,2026-05-30,12:00,America/Chicago,linkedin,capveri,"A review of the pro-rata denominator belongs in CAM close before final billing.

1. Start with the lease rule. A tenant share is only as reliable as the denominator behind it.

2. Check the source data. Match the denominator to the lease, not just the building setup screen.

3. Run the calculation in a way someone else can follow. Building RSF, occupied RSF, floor RSF, and pool RSF can all produce different percentages.

4. Save the support. Store the denominator source next to the calculation output.

One clear memo now can prevent a long email thread later.

The close file should show both the accounting source and the lease logic.

#camreconciliation #prorata #propertymanagement","[camreconciliation, prorata, propertymanagement]",false,cam-math,text-long,https://www.capveri.com/resources/pro-rata-share-calculation
173,2026-05-30-1300-erp-workarounds-173.md,2026-05-30,13:00,America/Chicago,linkedin,capveri,"A CAM total is not support. The support is the trace behind it.

The useful visual is simple: CAM number on one side; source, rule, and trace on the other.

If the issue repeats next year, the note should still make sense.

#realpage #camreconciliation #propertyaccounting","[realpage, camreconciliation, propertyaccounting]",false,erp-workarounds,image-quote,https://www.capveri.com/resources/export-cam-realpage
174,2026-05-30-1400-war-stories-174.md,2026-05-30,14:00,America/Chicago,linkedin,capveri,"A tenant question about the calculation audit trail should not require rebuilding the workbook.

Before billing, keep GL line, pool assignment, lease clause, factor, cap rule, and tenant allocation together.

If a tenant asks why their share changed, the answer should not require rebuilding the workbook.

Store the trace with the final packet.

Use the first pass to confirm the source, then let the math run.

Good CAM support follows the charge from source to tenant answer.

This is the kind of check that should happen before statement formatting starts.

A spreadsheet total without trace support is fragile evidence.

#camaudit #camreconciliation #crefinance","[camaudit, camreconciliation, crefinance]",false,war-stories,text-short,https://www.capveri.com/resources/self-audit-cam-billing
175,2026-05-30-1500-cam-math-175.md,2026-05-30,15:00,America/Chicago,linkedin,capveri,"The quiet risk in CapEx vs. OpEx starts before the statement is formatted.

What to verify: look for capitalization clues before the line enters a recoverable pool.

What can go wrong: A repairs account can include invoices that deserve a capital-project check.

What to save: GL source, lease rule, calculation input, and tenant impact.

How to close it: Document the recoverability decision before the line reaches the tenant statement.

Watch item: A GL account called repairs is not proof that every line is recoverable maintenance.

The cleanest fix is usually a better source note, not a longer explanation.

This check is small, but it keeps the packet from depending on memory.

#camreconciliation #opex #propertyaccounting","[camreconciliation, opex, propertyaccounting]",false,cam-math,carousel,https://www.capveri.com/resources/capex-detection-cam
176,2026-05-30-1600-anti-integration-176.md,2026-05-30,16:00,America/Chicago,linkedin,capveri,"Spreadsheet risk: one small setup choice can change the tenant answer.

Before billing, check hard-coded factors, copied formulas, hidden tabs, and stale denominators.

A workbook can pass tie-out while one tenant row still points to last year's denominator.

Move repeated reconciliation logic into a traceable workflow.

If the answer depends on a hidden workbook tab, move the support into the close file.

Small setup drift is still drift.

If a tenant asks, the answer should already be in the packet.

The risk is not that spreadsheets are bad. The risk is that they are too easy to trust after they tie out.

#camreconciliation #excel #propertyaccounting","[camreconciliation, excel, propertyaccounting]",false,anti-integration,text-short,https://www.capveri.com/resources/data-migration-off-excel
177,2026-05-30-1700-founder-177.md,2026-05-30,17:00,America/Chicago,linkedin,capveri,"The hard part is keeping the export, lease rule, and exception trail together.

It is the setup behind the arithmetic. Prioritize what changed, what failed, what needs approval, and what is ready to send.

CapVeri keeps export review, lease-term logic, and the calculation record in one review path.

If the backup lives outside the packet, add the reference before statements go out.

The statement is the last mile. The control point is earlier.

#propertyaccounting #camreconciliation #crefinance","[propertyaccounting, camreconciliation, crefinance]",false,founder,text-long,https://www.capveri.com/resources/multi-property-cam-workflow
178,2026-05-30-1800-cam-math-178.md,2026-05-30,18:00,America/Chicago,linkedin,capveri,"What would make the next management fees review easier?

A. Clearer GL detail

B. Better lease references

C. Tenant-level variance notes

D. Cleaner packet format

Management fee errors are easy to miss because the percentage itself often looks reasonable.

A review-ready packet does not need drama. It needs traceable inputs.

#camreconciliation #managementfees #cre","[camreconciliation, managementfees, cre]",false,cam-math,poll,https://www.capveri.com/resources/admin-fee-calculation-methods
179,2026-05-30-1900-product-179.md,2026-05-30,19:00,America/Chicago,linkedin,capveri,"Spreadsheets and ERP setup screens can show the output.

CapVeri keeps the export, lease rule, exception, and tenant-level trace in one review path.

A gross-up finding should show the occupancy inputs and expense lines affected.

Use it before final billing as an export-based review layer, not as an ERP replacement.

The cleanest workflow keeps the source export and lease rule beside the output.

#capveri #camreconciliation #propertymanagement","[capveri, camreconciliation, propertymanagement]",false,product,text-short,https://www.capveri.com/sample-report
180,2026-05-30-2000-engagement-180.md,2026-05-30,20:00,America/Chicago,linkedin,capveri,"Where does the handoff around tenant dispute prep lose the most context?

The math, the source data, the lease interpretation, or the tenant packet support?

Treat the exception note as part of the reconciliation, not an afterthought.

A tenant-level variance note is useful even when the final charge is correct.

#camdisputes #camreconciliation #cre","[camdisputes, camreconciliation, cre]",false,engagement,text-short,https://www.capveri.com/resources/tenant-cam-dispute
181,2026-05-31-0600-cam-math-181.md,2026-05-31,06:00,America/Chicago,linkedin,capveri,"Gross-up factor: one small setup choice can change the tenant answer.

Before billing, compare actual occupancy to the lease target before applying a factor.

If actual occupancy is already at or above the target, the factor should be 1.0.

Separate fixed and variable expenses before the reconciliation run.

Use the first pass to confirm the source, then let the math run.

If the rule is hard to explain internally, it will be harder to support externally.

The goal is not more backup. The goal is backup that points to the answer.

Keep gross-up limited to the expense categories the lease and review file support.

#camreconciliation #grossup #cre","[camreconciliation, grossup, cre]",false,cam-math,text-short,https://www.capveri.com/resources/cam-gross-up-calculation-guide
182,2026-05-31-0700-erp-workarounds-182.md,2026-05-31,07:00,America/Chicago,linkedin,capveri,"GL export QA belongs in review before the packet goes out.

Input: an export can balance and still be incomplete for CAM work.

Review step: check date filters, accrual timing, entity scope, and excluded accounts.

Common miss: A late-posted accrual can be outside the export even when the report total ties to the ledger run.

Approval trail: Save the export parameters with the reconciliation file.

Final check: The CSV is the evidence trail. Treat the report settings as part of the evidence.

A review-ready packet does not need drama. It needs traceable inputs.

#yardi #camreconciliation #propertyaccounting","[yardi, camreconciliation, propertyaccounting]",false,erp-workarounds,carousel,https://www.capveri.com/resources/gl-analysis-explained
183,2026-05-31-0800-war-stories-183.md,2026-05-31,08:00,America/Chicago,linkedin,capveri,"The fastest review of the audit defense packet starts with the source file.

Before billing, include source export, lease clause reference, calculation trace, and variance notes.

A tenant asking about landscaping should see the GL lines, allocation basis, and exclusion review.

Build the audit trail before sending the statement.

One clear memo now can prevent a long email thread later.

The useful backup is boring: source, rule, input, output.

The issue is easiest to fix while the reconciliation file is still open.

Waiting until an auditor asks for support usually creates more work than assembling it up front.

#camaudit #camreconciliation #propertymanagement","[camaudit, camreconciliation, propertymanagement]",false,war-stories,text-short,https://www.capveri.com/resources/landlord-cam-audit-defense-playbook
184,2026-05-31-0900-anti-integration-184.md,2026-05-31,09:00,America/Chicago,linkedin,capveri,"The packet gets easier to review when export-based verification is documented early.

1. Start with the lease rule. CAM verification can work from exports without replacing the ERP.

2. Check the source data. Use CSV, Excel, and PDF outputs as the input layer.

3. Run the calculation in a way someone else can follow. Keep Yardi or MRI as the system of record, then run an independent lease-term calculation beside it.

4. Save the support. Verify the output before changing the system.

Use the first pass to confirm the source, then let the math run.

If the same exception appears twice, make it a control next year.

#cretech #camreconciliation #yardi","[cretech, camreconciliation, yardi]",false,anti-integration,text-long,https://www.capveri.com/resources/data-migration-off-excel
185,2026-05-31-1000-cam-math-185.md,2026-05-31,10:00,America/Chicago,linkedin,capveri,"A tenant question about CAM caps should not require rebuilding the workbook.

Before billing, confirm whether each cap is cumulative, non-cumulative, compounded, or fixed.

A 5 percent cap can behave very differently depending on whether unused cap room carries forward.

Keep a cap ledger by tenant and year.

Treat the exception note as part of the reconciliation, not an afterthought.

The useful backup is boring: source, rule, input, output.

The packet should make the next reviewer faster, not dependent on the original preparer.

A cap field without the cap type is not enough support for a tenant packet.

#camreconciliation #expensecaps #propertyaccounting","[camreconciliation, expensecaps, propertyaccounting]",false,cam-math,text-short,https://www.capveri.com/resources/cam-expense-caps
186,2026-05-31-1100-industry-news-186.md,2026-05-31,11:00,America/Chicago,linkedin,capveri,"BOMA 2024 deserves a source check before anyone formats the packet.

Setup: measurement changes can affect pro-rata shares and billing support.

Drift: review lease language before applying a new measurement standard.

Trace: A lease tied to a specific BOMA version may not behave like a lease that says standards as amended.

Answer: Model old and new denominators before updating the billing system.

Do not let a measurement update become a silent billing change.

The close file should show both the accounting source and the lease logic.

#boma2024 #camreconciliation #cre","[boma2024, camreconciliation, cre]",false,industry-news,video,https://www.capveri.com/resources/boma-2024-implementation-guide
187,2026-05-31-1200-cam-math-187.md,2026-05-31,12:00,America/Chicago,linkedin,capveri,"The fastest review of the base-year stop starts with the source file.

Before billing, normalize one-time items before using the base year as a benchmark.

Storm cleanup in the base year should not quietly lower recoveries for every later year.

Review the base-year pool before current-year allocations.

Save the setup screenshot or export parameter while the file is still open.

Good CAM support follows the charge from source to tenant answer.

The reviewer should be able to see what changed since the prior run.

A messy base year makes every future reconciliation look mathematically correct and economically wrong.

#camreconciliation #baseyear #crefinance","[camreconciliation, baseyear, crefinance]",false,cam-math,text-short,https://www.capveri.com/resources/base-year-expense-stop
188,2026-05-31-1300-erp-workarounds-188.md,2026-05-31,13:00,America/Chicago,linkedin,capveri,"Yardi export review: one small setup choice can change the tenant answer.

Before billing, review recovery pool, share type, gross-up, cap, and exclusion settings against the lease.

The report can run cleanly while one tenant uses the wrong share type.

Export the data, recalculate independently, then compare.

Treat the exception note as part of the reconciliation, not an afterthought.

The lease is the control document. The export is the evidence.

The best version of this review is boring and repeatable.

A correct ERP report means the system followed its setup. It does not by itself show the setup matches the lease.

#yardi #camreconciliation #cretech","[yardi, camreconciliation, cretech]",false,erp-workarounds,text-short,https://www.capveri.com/resources/export-cam-yardi-voyager
189,2026-05-31-1400-war-stories-189.md,2026-05-31,14:00,America/Chicago,linkedin,capveri,"A review of tenant dispute prep belongs in CAM close before final billing.

1. Start with the lease rule. Many disputes start with missing support, not a dramatic accounting error.

2. Check the source data. Review the lines tenants are most likely to question before the packet is sent.

3. Run the calculation in a way someone else can follow. Taxes, insurance, management fees, CapEx, and administrative charges need especially clear support.

4. Save the support. Attach the support while the reconciliation is still fresh.

If the lease rule changed, the calculation note should change with it.

If a statement needs revision, this note should explain exactly where to look.

#camdisputes #camreconciliation #cre","[camdisputes, camreconciliation, cre]",false,war-stories,text-long,https://www.capveri.com/resources/tenant-cam-dispute
190,2026-05-31-1500-cam-math-190.md,2026-05-31,15:00,America/Chicago,linkedin,capveri,"The quiet risk in the pro-rata denominator starts before the statement is formatted.

What to verify: match the denominator to the lease, not just the building setup screen.

What can go wrong: Building RSF, occupied RSF, floor RSF, and pool RSF can all produce different percentages.

What to save: GL source, lease rule, calculation input, and tenant impact.

How to close it: Store the denominator source next to the calculation output.

Watch item: A percentage with no denominator support is hard to explain after a tenant asks questions.

Capture the note before the packet becomes tenant-facing.

A tenant-level variance note is useful even when the final charge is correct.

#camreconciliation #prorata #propertymanagement","[camreconciliation, prorata, propertymanagement]",false,cam-math,carousel,https://www.capveri.com/resources/pro-rata-share-calculation
191,2026-05-31-1600-anti-integration-191.md,2026-05-31,16:00,America/Chicago,linkedin,capveri,"Deterministic CAM math can expose drift in an otherwise clean CAM statement.

Before billing, use rules, formulas, and source-backed inputs for allocations.

AI can help read a document, but the charge calculation should come from explicit lease terms.

Keep calculation logic separate from document extraction.

Save the setup screenshot or export parameter while the file is still open.

A clean close file beats a cleaner apology.

Use this as a first-pass control, then move exceptions into a separate queue.

A plausible answer is not enough when money is being billed to tenants.

#camreconciliation #crefinance #proptech","[camreconciliation, crefinance, proptech]",false,anti-integration,text-short,https://www.capveri.com/resources/deterministic-vs-ai-cam
192,2026-05-31-1700-founder-192.md,2026-05-31,17:00,America/Chicago,linkedin,capveri,"In CAM close, the final arithmetic is usually the easy part.

It is the setup behind the arithmetic. Reserve time for export QA, lease-rule review, exception resolution, and packet assembly.

CapVeri keeps export review, lease-term logic, and the calculation record in one review path.

When the rule changes by tenant, do not let the portfolio default hide it.

A calendar will not fix the math, but it keeps the math from being reviewed too late.

#camreconciliation #propertyaccounting #cre","[camreconciliation, propertyaccounting, cre]",false,founder,text-short,https://www.capveri.com/resources/year-end-close-checklist-cam
193,2026-05-31-1800-cam-math-193.md,2026-05-31,18:00,America/Chicago,linkedin,capveri,"CapEx vs. OpEx should leave a trail a second reviewer can follow.

1. Start with the lease rule. Capital projects need separate recoverability review before they enter a CAM pool.

2. Check the source data. Look for capitalization clues before the line enters a recoverable pool.

3. Run the calculation in a way someone else can follow. A repairs account can include invoices that deserve a capital-project check.

4. Save the support. Document the recoverability decision before the line reaches the tenant statement.

The charge can be right and still be poorly supported.

Keep the backup simple enough for someone outside accounting to follow.

#camreconciliation #opex #propertyaccounting","[camreconciliation, opex, propertyaccounting]",false,cam-math,text-long,https://www.capveri.com/resources/capex-detection-cam
194,2026-05-31-1900-product-194.md,2026-05-31,19:00,America/Chicago,linkedin,capveri,"The goal is not to replace the ERP. The goal is to make the output easier to review.

The useful visual is simple: CAM number on one side; source, rule, and trace on the other.

A review-ready packet does not need drama. It needs traceable inputs.

#capveri #camreconciliation #cretech","[capveri, camreconciliation, cretech]",false,product,image-quote,https://www.capveri.com/product-tour
195,2026-05-31-2000-engagement-195.md,2026-05-31,20:00,America/Chicago,linkedin,capveri,"What would make the next pre-send QA review easier?

A. Clearer GL detail

B. Better lease references

C. Tenant-level variance notes

D. Cleaner packet format

A signed reconciliation packet should not be the first time the math is reviewed end to end.

The issue is easiest to fix while the reconciliation file is still open.

#camreconciliation #propertyaccounting #cre","[camreconciliation, propertyaccounting, cre]",false,engagement,poll,https://www.capveri.com/resources/cam-presend-checklist
196,2026-06-01-0600-cam-math-196.md,2026-06-01,06:00,America/Chicago,linkedin,capveri,"Management fees: verify the source before you explain the number.

The useful visual is simple: CAM number on one side; source, rule, and trace on the other.

If a tenant asks, the answer should already be in the packet.

#camreconciliation #managementfees #cre","[camreconciliation, managementfees, cre]",false,cam-math,image-quote,https://www.capveri.com/resources/admin-fee-calculation-methods
197,2026-06-01-0700-erp-workarounds-197.md,2026-06-01,07:00,America/Chicago,linkedin,capveri,"MRI export review can expose drift in an otherwise clean CAM statement.

Before billing, compare share type, billing pool, lease exclusions, and gross-up rules before statements go out.

A tenant can be assigned to the right pool and still use the wrong denominator.

Run a tenant-by-tenant exception report before final billing.

A controller should be able to review this without reopening last year's workbook.

Good CAM support follows the charge from source to tenant answer.

If the rule is portfolio-specific, name the portfolio policy in the file.

The issue is usually configuration drift, not a broken ERP.

#mri #camreconciliation #propertymanagement","[mri, camreconciliation, propertymanagement]",false,erp-workarounds,text-short,https://www.capveri.com/resources/export-cam-mri
198,2026-06-01-0800-war-stories-198.md,2026-06-01,08:00,America/Chicago,linkedin,capveri,"A review of pre-send QA belongs in CAM close before final billing.

1. Start with the lease rule. The best time to catch a CAM issue is before the tenant packet goes out.

2. Check the source data. Run checks for pool membership, non-recoverable lines, gross-up, caps, and denominator changes.

3. Run the calculation in a way someone else can follow. One excluded GL account caught before billing is cleaner than a revised statement after billing.

4. Save the support. Use a pre-send checklist every cycle.

The best exception queue is short, specific, and resolved before billing.

If the review depends on judgment, write down the judgment while it is fresh.

#camreconciliation #propertyaccounting #cre","[camreconciliation, propertyaccounting, cre]",false,war-stories,text-long,https://www.capveri.com/resources/cam-presend-checklist
199,2026-06-01-0900-anti-integration-199.md,2026-06-01,09:00,America/Chicago,linkedin,capveri,"A tenant question about spreadsheet risk should not require rebuilding the workbook.

Before billing, check hard-coded factors, copied formulas, hidden tabs, and stale denominators.

A workbook can pass tie-out while one tenant row still points to last year's denominator.

Move repeated reconciliation logic into a traceable workflow.

If the lease rule changed, the calculation note should change with it.

Small setup drift is still drift.

A clean exception list is easier to manage than scattered comments in a workbook.

The risk is not that spreadsheets are bad. The risk is that they are too easy to trust after they tie out.

#camreconciliation #excel #propertyaccounting","[camreconciliation, excel, propertyaccounting]",false,anti-integration,text-short,https://www.capveri.com/resources/data-migration-off-excel
200,2026-06-01-1000-cam-math-200.md,2026-06-01,10:00,America/Chicago,linkedin,capveri,"Check the gross-up factor before the packet leaves accounting.

Before billing, compare actual occupancy to the lease target before applying a factor.

If actual occupancy is already at or above the target, the factor should be 1.0.

Separate fixed and variable expenses before the reconciliation run.

The cleanest fix is usually a better source note, not a longer explanation.

Do the work while the context is fresh.

When the rule changes by tenant, do not let the portfolio default hide it.

Keep gross-up limited to the expense categories the lease and review file support.

#camreconciliation #grossup #cre","[camreconciliation, grossup, cre]",false,cam-math,text-short,https://www.capveri.com/resources/cam-gross-up-calculation-guide
201,2026-06-01-1100-industry-news-201.md,2026-06-01,11:00,America/Chicago,linkedin,capveri,"California SB 1103 belongs in review before the packet goes out.

Input: California SB 1103 makes operating-cost support more important for qualified commercial tenants.

Review step: separate legal interpretation from accounting support and keep the source documentation ready.

Common miss: A disclosure obligation is much easier to handle when the GL export and allocation logic are already organized.

Approval trail: Ask counsel how the law applies, then make sure the accounting file can support the response.

Final check: Compliance review is easier when the calculation trail is already organized.

If a statement needs revision, this note should explain exactly where to look.

#sb1103 #camreconciliation #californiarealestate","[sb1103, camreconciliation, californiarealestate]",false,industry-news,carousel,https://www.capveri.com/resources/sb-1103-compliance
202,2026-06-01-1200-cam-math-202.md,2026-06-01,12:00,America/Chicago,linkedin,capveri,"A review of CAM caps belongs in CAM close before final billing.

1. Start with the lease rule. Caps only work when the base amount and cap type are recorded correctly.

2. Check the source data. Confirm whether each cap is cumulative, non-cumulative, compounded, or fixed.

3. Run the calculation in a way someone else can follow. A 5 percent cap can behave very differently depending on whether unused cap room carries forward.

4. Save the support. Keep a cap ledger by tenant and year.

When in doubt, show the denominator.

The issue is easiest to fix while the reconciliation file is still open.

#camreconciliation #expensecaps #propertyaccounting","[camreconciliation, expensecaps, propertyaccounting]",false,cam-math,text-long,https://www.capveri.com/resources/cam-expense-caps
203,2026-06-01-1300-erp-workarounds-203.md,2026-06-01,13:00,America/Chicago,linkedin,capveri,"RealPage export review can expose drift in an otherwise clean CAM statement.

Before billing, confirm pool membership, exclusions, caps, and date range settings.

A reimbursement pool can include the right GL accounts but the wrong tenant allocation rule.

Use export-based verification before statements leave accounting.

Use the first pass to confirm the source, then let the math run.

When in doubt, show the denominator.

If a tenant asks, the answer should already be in the packet.

Export review is cheaper than reopening a tenant packet after questions start.

#realpage #camreconciliation #propertyaccounting","[realpage, camreconciliation, propertyaccounting]",false,erp-workarounds,text-short,https://www.capveri.com/resources/export-cam-realpage
204,2026-06-01-1400-war-stories-204.md,2026-06-01,14:00,America/Chicago,linkedin,capveri,"Check the calculation audit trail before the packet leaves accounting.

Before billing, keep GL line, pool assignment, lease clause, factor, cap rule, and tenant allocation together.

If a tenant asks why their share changed, the answer should not require rebuilding the workbook.

Store the trace with the final packet.

Capture the note before the packet becomes tenant-facing.

The charge can be right and still be poorly supported.

Use the review to separate calculation errors from documentation gaps.

A spreadsheet total without trace support is fragile evidence.

#camaudit #camreconciliation #crefinance","[camaudit, camreconciliation, crefinance]",false,war-stories,text-short,https://www.capveri.com/resources/self-audit-cam-billing
205,2026-06-01-1500-cam-math-205.md,2026-06-01,15:00,America/Chicago,linkedin,capveri,"Review the base-year stop before statements go out.

Input: base-year leases compare current recoverable expenses against a baseline year.

Review: normalize one-time items before using the base year as a benchmark.

Evidence: Storm cleanup in the base year should not quietly lower recoveries for every later year.

Close: Review the base-year pool before current-year allocations.

A messy base year makes every future reconciliation look mathematically correct and economically wrong.

If the input came from an ERP export, keep the report settings with it.

#camreconciliation #baseyear #crefinance","[camreconciliation, baseyear, crefinance]",false,cam-math,video,https://www.capveri.com/resources/base-year-expense-stop
206,2026-06-01-1600-anti-integration-206.md,2026-06-01,16:00,America/Chicago,linkedin,capveri,"The packet gets easier to review when export-based verification is documented early.

1. Start with the lease rule. CAM verification can work from exports without replacing the ERP.

2. Check the source data. Use CSV, Excel, and PDF outputs as the input layer.

3. Run the calculation in a way someone else can follow. Keep Yardi or MRI as the system of record, then run an independent lease-term calculation beside it.

4. Save the support. Verify the output before changing the system.

The useful backup is boring: source, rule, input, output.

This check is small, but it keeps the packet from depending on memory.

#cretech #camreconciliation #yardi","[cretech, camreconciliation, yardi]",false,anti-integration,text-long,https://www.capveri.com/resources/data-migration-off-excel
207,2026-06-01-1700-founder-207.md,2026-06-01,17:00,America/Chicago,linkedin,capveri,"The part of CAM work that gets missed is usually upstream of the final statement.

It is the setup behind the arithmetic. Prioritize what changed, what failed, what needs approval, and what is ready to send.

CapVeri keeps export review, lease-term logic, and the calculation record in one review path.

This is a good place to capture who approved the exception and why.

The statement is the last mile. The control point is earlier.

#propertyaccounting #camreconciliation #crefinance","[propertyaccounting, camreconciliation, crefinance]",false,founder,text-short,https://www.capveri.com/resources/multi-property-cam-workflow
208,2026-06-01-1800-cam-math-208.md,2026-06-01,18:00,America/Chicago,linkedin,capveri,"The quiet risk in the pro-rata denominator starts before the statement is formatted.

What to verify: match the denominator to the lease, not just the building setup screen.

What can go wrong: Building RSF, occupied RSF, floor RSF, and pool RSF can all produce different percentages.

What to save: GL source, lease rule, calculation input, and tenant impact.

How to close it: Store the denominator source next to the calculation output.

Watch item: A percentage with no denominator support is hard to explain after a tenant asks questions.

The cleanest fix is usually a better source note, not a longer explanation.

The packet should make the next reviewer faster, not dependent on the original preparer.

#camreconciliation #prorata #propertymanagement","[camreconciliation, prorata, propertymanagement]",false,cam-math,carousel,https://www.capveri.com/resources/pro-rata-share-calculation
209,2026-06-01-1900-product-209.md,2026-06-01,19:00,America/Chicago,linkedin,capveri,"Spreadsheets and ERP setup screens can show the output.

CapVeri keeps the export, lease rule, exception, and tenant-level trace in one review path.

A gross-up finding should show the occupancy inputs and expense lines affected.

Use it before final billing as an export-based review layer, not as an ERP replacement.

A tenant-level variance note is useful even when the final charge is correct.

#capveri #camreconciliation #propertymanagement","[capveri, camreconciliation, propertymanagement]",false,product,text-short,https://www.capveri.com/sample-report
210,2026-06-01-2000-engagement-210.md,2026-06-01,20:00,America/Chicago,linkedin,capveri,"Where do tenant questions about the calculation audit trail usually start?

A. Taxes and insurance

B. Management fees

C. CapEx classification

D. Pro-rata share changes

A spreadsheet total without trace support is fragile evidence.

If the rule is portfolio-specific, name the portfolio policy in the file.

#camaudit #camreconciliation #crefinance","[camaudit, camreconciliation, crefinance]",false,engagement,poll,https://www.capveri.com/resources/self-audit-cam-billing
211,2026-06-02-0600-cam-math-211.md,2026-06-02,06:00,America/Chicago,linkedin,capveri,"A tenant question about CapEx vs. OpEx should not require rebuilding the workbook.

Before billing, look for capitalization clues before the line enters a recoverable pool.

A repairs account can include invoices that deserve a capital-project check.

Document the recoverability decision before the line reaches the tenant statement.

The reviewer needs enough detail to approve the charge without guessing.

A clean close file beats a cleaner apology.

If the backup lives outside the packet, add the reference before statements go out.

A GL account called repairs is not proof that every line is recoverable maintenance.

#camreconciliation #opex #propertyaccounting","[camreconciliation, opex, propertyaccounting]",false,cam-math,text-short,https://www.capveri.com/resources/capex-detection-cam
212,2026-06-02-0700-erp-workarounds-212.md,2026-06-02,07:00,America/Chicago,linkedin,capveri,"Here is the review path for GL export QA.

1. Start with the lease rule. An export can balance and still be incomplete for CAM work.

2. Check the source data. Check date filters, accrual timing, entity scope, and excluded accounts.

3. Run the calculation in a way someone else can follow. A late-posted accrual can be outside the export even when the report total ties to the ledger run.

4. Save the support. Save the export parameters with the reconciliation file.

The CSV is the evidence trail. Treat the report settings as part of the evidence.

A cleaner packet gives the property team fewer follow-up questions to answer.

#yardi #camreconciliation #propertyaccounting","[yardi, camreconciliation, propertyaccounting]",false,erp-workarounds,text-long,https://www.capveri.com/resources/gl-analysis-explained
213,2026-06-02-0800-war-stories-213.md,2026-06-02,08:00,America/Chicago,linkedin,capveri,"A CAM total is not support. The support is the trace behind it.

The useful visual is simple: CAM number on one side; source, rule, and trace on the other.

The goal is not more backup. The goal is backup that points to the answer.

#camaudit #camreconciliation #propertymanagement","[camaudit, camreconciliation, propertymanagement]",false,war-stories,image-quote,https://www.capveri.com/resources/landlord-cam-audit-defense-playbook
214,2026-06-02-0900-anti-integration-214.md,2026-06-02,09:00,America/Chicago,linkedin,capveri,"Deterministic CAM math belongs in review before the packet goes out.

Input: financial math should be deterministic and auditable.

Review step: use rules, formulas, and source-backed inputs for allocations.

Common miss: AI can help read a document, but the charge calculation should come from explicit lease terms.

Approval trail: Keep calculation logic separate from document extraction.

Final check: A plausible answer is not enough when money is being billed to tenants.

If the input came from an ERP export, keep the report settings with it.

#camreconciliation #crefinance #proptech","[camreconciliation, crefinance, proptech]",false,anti-integration,carousel,https://www.capveri.com/resources/deterministic-vs-ai-cam
215,2026-06-02-1000-cam-math-215.md,2026-06-02,10:00,America/Chicago,linkedin,capveri,"Management fees can expose drift in an otherwise clean CAM statement.

Before billing, verify whether the fee is calculated on gross rent, recoverable expenses, or another base.

Applying a fee to an expense pool that already includes the fee can create circular math.

Calculate the fee from the stated lease basis, then document the basis in the packet.

Capture the note before the packet becomes tenant-facing.

A tie-out proves totals. It does not by itself show recoverability.

If the review depends on judgment, write down the judgment while it is fresh.

Management fee errors are easy to miss because the percentage itself often looks reasonable.

#camreconciliation #managementfees #cre","[camreconciliation, managementfees, cre]",false,cam-math,text-short,https://www.capveri.com/resources/admin-fee-calculation-methods
216,2026-06-02-1100-industry-news-216.md,2026-06-02,11:00,America/Chicago,linkedin,capveri,"Property tax pass-throughs can expose drift in an otherwise clean CAM statement.

Before billing, separate assessment changes, refunds, appeals, and prior-year adjustments.

A tax refund should be tracked back to the tenants and years affected by the original charge.

Tie the tax line to the bill, appeal status, allocation rule, and recovery period.

Use the first pass to confirm the source, then let the math run.

When in doubt, show the denominator.

If a tenant asks, the answer should already be in the packet.

Tax lines are often high-dollar, so weak support gets noticed.

#propertytax #camreconciliation #crefinance","[propertytax, camreconciliation, crefinance]",false,industry-news,text-short,https://www.capveri.com/resources/real-estate-tax-reconciliation
217,2026-06-02-1200-cam-math-217.md,2026-06-02,12:00,America/Chicago,linkedin,capveri,"A review of the gross-up factor belongs in CAM close before final billing.

1. Start with the lease rule. Gross-up should apply to variable expenses only.

2. Check the source data. Compare actual occupancy to the lease target before applying a factor.

3. Run the calculation in a way someone else can follow. If actual occupancy is already at or above the target, the factor should be 1.0.

4. Save the support. Separate fixed and variable expenses before the reconciliation run.

A controller should be able to review this without reopening last year's workbook.

If the issue repeats next year, the note should still make sense.

#camreconciliation #grossup #cre","[camreconciliation, grossup, cre]",false,cam-math,text-long,https://www.capveri.com/resources/cam-gross-up-calculation-guide
218,2026-06-02-1300-erp-workarounds-218.md,2026-06-02,13:00,America/Chicago,linkedin,capveri,"Yardi export review is a small review step that can change the tenant answer.

Rule: Yardi can be the system of record without being the only calculation check.

Check: review recovery pool, share type, gross-up, cap, and exclusion settings against the lease.

Miss: The report can run cleanly while one tenant uses the wrong share type.

Fix: Export the data, recalculate independently, then compare.

A correct ERP report means the system followed its setup. It does not by itself show the setup matches the lease.

Use this as a first-pass control, then move exceptions into a separate queue.

#yardi #camreconciliation #cretech","[yardi, camreconciliation, cretech]",false,erp-workarounds,video,https://www.capveri.com/resources/export-cam-yardi-voyager
219,2026-06-02-1400-war-stories-219.md,2026-06-02,14:00,America/Chicago,linkedin,capveri,"Tenant disputes: one small setup choice can change the tenant answer.

Before billing, review the lines tenants are most likely to question before the packet is sent.

Taxes, insurance, management fees, CapEx, and administrative charges need especially clear support.

Attach the support while the reconciliation is still fresh.

The reviewer needs enough detail to approve the charge without guessing.

The tenant packet should make the next question easier to answer.

A short note in the close file is better than a long explanation after billing.

A vague explanation can make a correct charge look suspect.

#camdisputes #camreconciliation #cre","[camdisputes, camreconciliation, cre]",false,war-stories,text-short,https://www.capveri.com/resources/tenant-cam-dispute
220,2026-06-02-1500-cam-math-220.md,2026-06-02,15:00,America/Chicago,linkedin,capveri,"CAM caps can expose drift in an otherwise clean CAM statement.

Before billing, confirm whether each cap is cumulative, non-cumulative, compounded, or fixed.

A 5 percent cap can behave very differently depending on whether unused cap room carries forward.

Keep a cap ledger by tenant and year.

Save the setup screenshot or export parameter while the file is still open.

If the rule is hard to explain internally, it will be harder to support externally.

Use the review to separate calculation errors from documentation gaps.

A cap field without the cap type is not enough support for a tenant packet.

#camreconciliation #expensecaps #propertyaccounting","[camreconciliation, expensecaps, propertyaccounting]",false,cam-math,text-short,https://www.capveri.com/resources/cam-expense-caps
221,2026-06-02-1600-anti-integration-221.md,2026-06-02,16:00,America/Chicago,linkedin,capveri,"Spreadsheet risk belongs in review before the packet goes out.

Input: Excel is flexible, but flexibility can hide broken assumptions.

Review step: check hard-coded factors, copied formulas, hidden tabs, and stale denominators.

Common miss: A workbook can pass tie-out while one tenant row still points to last year's denominator.

Approval trail: Move repeated reconciliation logic into a traceable workflow.

Final check: The risk is not that spreadsheets are bad. The risk is that they are too easy to trust after they tie out.

If the backup lives outside the packet, add the reference before statements go out.

#camreconciliation #excel #propertyaccounting","[camreconciliation, excel, propertyaccounting]",false,anti-integration,carousel,https://www.capveri.com/resources/data-migration-off-excel
222,2026-06-02-1700-founder-222.md,2026-06-02,17:00,America/Chicago,linkedin,capveri,"A cleaner CAM process starts before the PDF packet exists.

It is the setup behind the arithmetic. Reserve time for export QA, lease-rule review, exception resolution, and packet assembly.

CapVeri keeps export review, lease-term logic, and the calculation record in one review path.

The approval path matters as much as the formula when the number is questioned.

A calendar will not fix the math, but it keeps the math from being reviewed too late.

#camreconciliation #propertyaccounting #cre","[camreconciliation, propertyaccounting, cre]",false,founder,text-long,https://www.capveri.com/resources/year-end-close-checklist-cam
223,2026-06-02-1800-cam-math-223.md,2026-06-02,18:00,America/Chicago,linkedin,capveri,"Base-year stop: one small setup choice can change the tenant answer.

Before billing, normalize one-time items before using the base year as a benchmark.

Storm cleanup in the base year should not quietly lower recoveries for every later year.

Review the base-year pool before current-year allocations.

Capture the note before the packet becomes tenant-facing.

The earlier review happens, the fewer people have to touch the packet.

When the rule changes by tenant, do not let the portfolio default hide it.

A messy base year makes every future reconciliation look mathematically correct and economically wrong.

#camreconciliation #baseyear #crefinance","[camreconciliation, baseyear, crefinance]",false,cam-math,text-short,https://www.capveri.com/resources/base-year-expense-stop
224,2026-06-02-1900-product-224.md,2026-06-02,19:00,America/Chicago,linkedin,capveri,"Where do tenant questions about the CapVeri trace usually start?

A. Taxes and insurance

B. Management fees

C. CapEx classification

D. Pro-rata share changes

The goal is not to replace the ERP. The goal is to make the output easier to review.

The issue is easiest to fix while the reconciliation file is still open.

#capveri #camreconciliation #cretech","[capveri, camreconciliation, cretech]",false,product,poll,https://www.capveri.com/product-tour
225,2026-06-02-2000-engagement-225.md,2026-06-02,20:00,America/Chicago,linkedin,capveri,"When your team reviews export-based verification, where does the work usually get stuck?

The math, the source data, the lease interpretation, or the tenant packet support?

This is the kind of issue that gets expensive only after it is hard to reconstruct.

If the same exception appears twice, make it a control next year.

#cretech #camreconciliation #yardi","[cretech, camreconciliation, yardi]",false,engagement,text-short,https://www.capveri.com/resources/data-migration-off-excel
226,2026-06-03-0600-cam-math-226.md,2026-06-03,06:00,America/Chicago,linkedin,capveri,"Check the pro-rata denominator before the packet leaves accounting.

Before billing, match the denominator to the lease, not just the building setup screen.

Building RSF, occupied RSF, floor RSF, and pool RSF can all produce different percentages.

Store the denominator source next to the calculation output.

Treat the exception note as part of the reconciliation, not an afterthought.

Good CAM support follows the charge from source to tenant answer.

If the same exception appears twice, make it a control next year.

A percentage with no denominator support is hard to explain after a tenant asks questions.

#camreconciliation #prorata #propertymanagement","[camreconciliation, prorata, propertymanagement]",false,cam-math,text-short,https://www.capveri.com/resources/pro-rata-share-calculation
227,2026-06-03-0700-erp-workarounds-227.md,2026-06-03,07:00,America/Chicago,linkedin,capveri,"MRI export review should leave a trail a second reviewer can follow.

1. Start with the lease rule. MRI recovery billing still needs lease-level QA.

2. Check the source data. Compare share type, billing pool, lease exclusions, and gross-up rules before statements go out.

3. Run the calculation in a way someone else can follow. A tenant can be assigned to the right pool and still use the wrong denominator.

4. Save the support. Run a tenant-by-tenant exception report before final billing.

The charge can be right and still be poorly supported.

Keep the backup simple enough for someone outside accounting to follow.

#mri #camreconciliation #propertymanagement","[mri, camreconciliation, propertymanagement]",false,erp-workarounds,text-long,https://www.capveri.com/resources/export-cam-mri
228,2026-06-03-0800-war-stories-228.md,2026-06-03,08:00,America/Chicago,linkedin,capveri,"Pre-send QA can expose drift in an otherwise clean CAM statement.

Before billing, run checks for pool membership, non-recoverable lines, gross-up, caps, and denominator changes.

One excluded GL account caught before billing is cleaner than a revised statement after billing.

Use a pre-send checklist every cycle.

If the lease rule changed, the calculation note should change with it.

The earlier review happens, the fewer people have to touch the packet.

If the issue repeats next year, the note should still make sense.

A signed reconciliation packet should not be the first time the math is reviewed end to end.

#camreconciliation #propertyaccounting #cre","[camreconciliation, propertyaccounting, cre]",false,war-stories,text-short,https://www.capveri.com/resources/cam-presend-checklist
229,2026-06-03-0900-anti-integration-229.md,2026-06-03,09:00,America/Chicago,linkedin,capveri,"Export-based verification: the CAM check to run before billing.

Start with the control question: CAM verification can work from exports without replacing the ERP.

Source check: use CSV, Excel, and PDF outputs as the input layer.

Where it breaks: Keep Yardi or MRI as the system of record, then run an independent lease-term calculation beside it.

Evidence to keep: GL source, lease rule, calculation input, and tenant impact.

Before billing: Verify the output before changing the system.

The integration is not the proof. The calculation trace is the proof.

This is the kind of check that should happen before statement formatting starts.

#cretech #camreconciliation #yardi","[cretech, camreconciliation, yardi]",false,anti-integration,carousel,https://www.capveri.com/resources/data-migration-off-excel
230,2026-06-03-1000-cam-math-230.md,2026-06-03,10:00,America/Chicago,linkedin,capveri,"If the review for CapEx vs. OpEx is hard to explain, the packet needs work.

Before billing, compare repair accounts against descriptions that suggest upgrades or useful-life changes.

The GL account name may say maintenance while the invoice description points to an improvement.

Keep the CapEx review note beside the GL line, not in a separate email thread.

One clear memo now can prevent a long email thread later.

If the rule is hard to explain internally, it will be harder to support externally.

The best version of this review is boring and repeatable.

A GL account called repairs is not proof that every line is recoverable maintenance.

#camreconciliation #opex #propertyaccounting","[camreconciliation, opex, propertyaccounting]",false,cam-math,text-short,https://www.capveri.com/resources/capex-detection-cam
231,2026-06-03-1100-industry-news-231.md,2026-06-03,11:00,America/Chicago,linkedin,capveri,"BOMA 2024: verify the source before you explain the number.

The useful visual is simple: CAM number on one side; source, rule, and trace on the other.

The packet should make the next reviewer faster, not dependent on the original preparer.

#boma2024 #camreconciliation #cre","[boma2024, camreconciliation, cre]",false,industry-news,image-quote,https://www.capveri.com/resources/boma-2024-implementation-guide
232,2026-06-03-1200-cam-math-232.md,2026-06-03,12:00,America/Chicago,linkedin,capveri,"A review of management fees belongs in CAM close before final billing.

1. Start with the lease rule. Management fees depend on the lease basis and any fee cap.

2. Check the source data. Verify whether the fee is calculated on gross rent, recoverable expenses, or another base.

3. Run the calculation in a way someone else can follow. Applying a fee to an expense pool that already includes the fee can create circular math.

4. Save the support. Calculate the fee from the stated lease basis, then document the basis in the packet.

Management fee errors are easy to miss because the percentage itself often looks reasonable.

Use this as a first-pass control, then move exceptions into a separate queue.

#camreconciliation #managementfees #cre","[camreconciliation, managementfees, cre]",false,cam-math,text-long,https://www.capveri.com/resources/admin-fee-calculation-methods
233,2026-06-03-1300-erp-workarounds-233.md,2026-06-03,13:00,America/Chicago,linkedin,capveri,"If the review for RealPage export review is hard to explain, the packet needs work.

Before billing, confirm pool membership, exclusions, caps, and date range settings.

A reimbursement pool can include the right GL accounts but the wrong tenant allocation rule.

Use export-based verification before statements leave accounting.

Capture the note before the packet becomes tenant-facing.

Small setup drift is still drift.

This check is small, but it keeps the packet from depending on memory.

Export review is cheaper than reopening a tenant packet after questions start.

#realpage #camreconciliation #propertyaccounting","[realpage, camreconciliation, propertyaccounting]",false,erp-workarounds,text-short,https://www.capveri.com/resources/export-cam-realpage
234,2026-06-03-1400-war-stories-234.md,2026-06-03,14:00,America/Chicago,linkedin,capveri,"A clean close file shows how the calculation audit trail moved from source to tenant answer.

Input: a calculation audit trail connects each output back to its source.

Review: keep GL line, pool assignment, lease clause, factor, cap rule, and tenant allocation together.

Evidence: If a tenant asks why their share changed, the answer should not require rebuilding the workbook.

Close: Store the trace with the final packet.

A spreadsheet total without trace support is fragile evidence.

Keep the final answer tied to the exact export used for billing.

#camaudit #camreconciliation #crefinance","[camaudit, camreconciliation, crefinance]",false,war-stories,video,https://www.capveri.com/resources/self-audit-cam-billing
235,2026-06-03-1500-cam-math-235.md,2026-06-03,15:00,America/Chicago,linkedin,capveri,"If the review for the gross-up factor is hard to explain, the packet needs work.

Before billing, compare actual occupancy to the lease target before applying a factor.

If actual occupancy is already at or above the target, the factor should be 1.0.

Separate fixed and variable expenses before the reconciliation run.

If the lease rule changed, the calculation note should change with it.

The tenant packet should make the next question easier to answer.

This is a good place to capture who approved the exception and why.

Keep gross-up limited to the expense categories the lease and review file support.

#camreconciliation #grossup #cre","[camreconciliation, grossup, cre]",false,cam-math,text-short,https://www.capveri.com/resources/cam-gross-up-calculation-guide
236,2026-06-03-1600-anti-integration-236.md,2026-06-03,16:00,America/Chicago,linkedin,capveri,"Deterministic CAM math should leave a trail a second reviewer can follow.

1. Start with the lease rule. Financial math should be deterministic and auditable.

2. Check the source data. Use rules, formulas, and source-backed inputs for allocations.

3. Run the calculation in a way someone else can follow. AI can help read a document, but the charge calculation should come from explicit lease terms.

4. Save the support. Keep calculation logic separate from document extraction.

A plausible answer is not enough when money is being billed to tenants.

The approval path matters as much as the formula when the number is questioned.

#camreconciliation #crefinance #proptech","[camreconciliation, crefinance, proptech]",false,anti-integration,text-long,https://www.capveri.com/resources/deterministic-vs-ai-cam
237,2026-06-03-1700-founder-237.md,2026-06-03,17:00,America/Chicago,linkedin,capveri,"Start with the controller workflow.

Lease rule: controllers need exception visibility before they need prettier statements.

Source file: prioritize what changed, what failed, what needs approval, and what is ready to send.

Tenant impact: A tenant with a denominator change belongs in an exception queue, not buried in a PDF packet.

Close file: Design the workflow around review decisions.

Use the first pass to confirm the source, then let the math run.

The cleanest workflow keeps the source export and lease rule beside the output.

#propertyaccounting #camreconciliation #crefinance","[propertyaccounting, camreconciliation, crefinance]",false,founder,carousel,https://www.capveri.com/resources/multi-property-cam-workflow
238,2026-06-03-1800-cam-math-238.md,2026-06-03,18:00,America/Chicago,linkedin,capveri,"Watch CAM caps before final billing.

Before billing, confirm whether each cap is cumulative, non-cumulative, compounded, or fixed.

A 5 percent cap can behave very differently depending on whether unused cap room carries forward.

Keep a cap ledger by tenant and year.

One clear memo now can prevent a long email thread later.

The lease is the control document. The export is the evidence.

If the review depends on judgment, write down the judgment while it is fresh.

A cap field without the cap type is not enough support for a tenant packet.

#camreconciliation #expensecaps #propertyaccounting","[camreconciliation, expensecaps, propertyaccounting]",false,cam-math,text-short,https://www.capveri.com/resources/cam-expense-caps
239,2026-06-03-1900-product-239.md,2026-06-03,19:00,America/Chicago,linkedin,capveri,"Which issue around the sample report slows down CAM close the most?

A. Missing source support

B. Lease-rule ambiguity

C. ERP setup drift

D. Last-minute exceptions

A report that only says pass or fail will not help accounting answer the next question.

If the rule is portfolio-specific, name the portfolio policy in the file.

#capveri #camreconciliation #propertymanagement","[capveri, camreconciliation, propertymanagement]",false,product,poll,https://www.capveri.com/sample-report
240,2026-06-03-2000-engagement-240.md,2026-06-03,20:00,America/Chicago,linkedin,capveri,"Which part of deterministic CAM math creates the most back-and-forth during close?

The math, the source data, the lease interpretation, or the tenant packet support?

The cleanest fix is usually a better source note, not a longer explanation.

If the review depends on judgment, write down the judgment while it is fresh.

#camreconciliation #crefinance #proptech","[camreconciliation, crefinance, proptech]",false,engagement,text-long,https://www.capveri.com/resources/deterministic-vs-ai-cam
241,2026-06-04-0600-cam-math-241.md,2026-06-04,06:00,America/Chicago,linkedin,capveri,"CAM teams do not need more ceremony. They need better checks around the base-year stop.

1. Start with the lease rule. Base-year leases compare current recoverable expenses against a baseline year.

2. Check the source data. Normalize one-time items before using the base year as a benchmark.

3. Run the calculation in a way someone else can follow. Storm cleanup in the base year should not quietly lower recoveries for every later year.

4. Save the support. Review the base-year pool before current-year allocations.

A messy base year makes every future reconciliation look mathematically correct and economically wrong.

This is the kind of check that should happen before statement formatting starts.

#camreconciliation #baseyear #crefinance","[camreconciliation, baseyear, crefinance]",false,cam-math,text-long,https://www.capveri.com/resources/base-year-expense-stop
242,2026-06-04-0700-erp-workarounds-242.md,2026-06-04,07:00,America/Chicago,linkedin,capveri,"A tenant question about GL export QA should not require rebuilding the workbook.

Before billing, check date filters, accrual timing, entity scope, and excluded accounts.

A late-posted accrual can be outside the export even when the report total ties to the ledger run.

Save the export parameters with the reconciliation file.

Use the first pass to confirm the source, then let the math run.

The tenant packet should make the next question easier to answer.

Use this check to find setup drift before it becomes tenant-facing.

The CSV is the evidence trail. Treat the report settings as part of the evidence.

#yardi #camreconciliation #propertyaccounting","[yardi, camreconciliation, propertyaccounting]",false,erp-workarounds,text-short,https://www.capveri.com/resources/gl-analysis-explained
243,2026-06-04-0800-war-stories-243.md,2026-06-04,08:00,America/Chicago,linkedin,capveri,"Audit defense packet: the CAM check to run before billing.

Start with the control question: tenant questions are easier to answer when the packet already explains the math.

Source check: include source export, lease clause reference, calculation trace, and variance notes.

Where it breaks: A tenant asking about landscaping should see the GL lines, allocation basis, and exclusion review.

Evidence to keep: GL source, lease rule, calculation input, and tenant impact.

Before billing: Build the audit trail before sending the statement.

Waiting until an auditor asks for support usually creates more work than assembling it up front.

The best version of this review is boring and repeatable.

#camaudit #camreconciliation #propertymanagement","[camaudit, camreconciliation, propertymanagement]",false,war-stories,carousel,https://www.capveri.com/resources/landlord-cam-audit-defense-playbook
244,2026-06-04-0900-anti-integration-244.md,2026-06-04,09:00,America/Chicago,linkedin,capveri,"Spreadsheet risk: one small setup choice can change the tenant answer.

Before billing, check hard-coded factors, copied formulas, hidden tabs, and stale denominators.

A workbook can pass tie-out while one tenant row still points to last year's denominator.

Move repeated reconciliation logic into a traceable workflow.

If the answer depends on a hidden workbook tab, move the support into the close file.

The best exception queue is short, specific, and resolved before billing.

If a statement needs revision, this note should explain exactly where to look.

The risk is not that spreadsheets are bad. The risk is that they are too easy to trust after they tie out.

#camreconciliation #excel #propertyaccounting","[camreconciliation, excel, propertyaccounting]",false,anti-integration,text-short,https://www.capveri.com/resources/data-migration-off-excel
245,2026-06-04-1000-cam-math-245.md,2026-06-04,10:00,America/Chicago,linkedin,capveri,"A clean close file shows how the pro-rata denominator moved from source to tenant answer.

Setup: a tenant share is only as reliable as the denominator behind it.

Drift: match the denominator to the lease, not just the building setup screen.

Trace: Building RSF, occupied RSF, floor RSF, and pool RSF can all produce different percentages.

Answer: Store the denominator source next to the calculation output.

A percentage with no denominator support is hard to explain after a tenant asks questions.

This check is small, but it keeps the packet from depending on memory.

#camreconciliation #prorata #propertymanagement","[camreconciliation, prorata, propertymanagement]",false,cam-math,video,https://www.capveri.com/resources/pro-rata-share-calculation
246,2026-06-04-1100-industry-news-246.md,2026-06-04,11:00,America/Chicago,linkedin,capveri,"California SB 1103: one small setup choice can change the tenant answer.

Before billing, separate legal interpretation from accounting support and keep the source documentation ready.

A disclosure obligation is much easier to handle when the GL export and allocation logic are already organized.

Ask counsel how the law applies, then make sure the accounting file can support the response.

One clear memo now can prevent a long email thread later.

Good CAM support follows the charge from source to tenant answer.

Use the review to separate calculation errors from documentation gaps.

Compliance review is easier when the calculation trail is already organized.

#sb1103 #camreconciliation #californiarealestate","[sb1103, camreconciliation, californiarealestate]",false,industry-news,text-short,https://www.capveri.com/resources/sb-1103-compliance
247,2026-06-04-1200-cam-math-247.md,2026-06-04,12:00,America/Chicago,linkedin,capveri,"A review of CapEx vs. OpEx belongs in CAM close before final billing.

1. Start with the lease rule. Capital projects need separate recoverability review before they enter a CAM pool.

2. Check the source data. Look for capitalization clues before the line enters a recoverable pool.

3. Run the calculation in a way someone else can follow. A repairs account can include invoices that deserve a capital-project check.

4. Save the support. Document the recoverability decision before the line reaches the tenant statement.

Small setup drift is still drift.

The approval path matters as much as the formula when the number is questioned.

#camreconciliation #opex #propertyaccounting","[camreconciliation, opex, propertyaccounting]",false,cam-math,text-long,https://www.capveri.com/resources/capex-detection-cam
248,2026-06-04-1300-erp-workarounds-248.md,2026-06-04,13:00,America/Chicago,linkedin,capveri,"A correct ERP report means the system followed its setup. It does not by itself show the setup matches the lease.

The useful visual is simple: CAM number on one side; source, rule, and trace on the other.

If the backup lives outside the packet, add the reference before statements go out.

#yardi #camreconciliation #cretech","[yardi, camreconciliation, cretech]",false,erp-workarounds,image-quote,https://www.capveri.com/resources/export-cam-yardi-voyager
249,2026-06-04-1400-war-stories-249.md,2026-06-04,14:00,America/Chicago,linkedin,capveri,"Watch tenant dispute prep in the tenant packet.

Before billing, review the lines tenants are most likely to question before the packet is sent.

Taxes, insurance, management fees, CapEx, and administrative charges need especially clear support.

Attach the support while the reconciliation is still fresh.

Save the setup screenshot or export parameter while the file is still open.

When in doubt, show the denominator.

This is a good place to capture who approved the exception and why.

A vague explanation can make a correct charge look suspect.

#camdisputes #camreconciliation #cre","[camdisputes, camreconciliation, cre]",false,war-stories,text-short,https://www.capveri.com/resources/tenant-cam-dispute
250,2026-06-04-1500-cam-math-250.md,2026-06-04,15:00,America/Chicago,linkedin,capveri,"The quiet risk in management fees starts before the statement is formatted.

What to verify: verify whether the fee is calculated on gross rent, recoverable expenses, or another base.

What can go wrong: Applying a fee to an expense pool that already includes the fee can create circular math.

What to save: GL source, lease rule, calculation input, and tenant impact.

How to close it: Calculate the fee from the stated lease basis, then document the basis in the packet.

Watch item: Management fee errors are easy to miss because the percentage itself often looks reasonable.

A controller should be able to review this without reopening last year's workbook.

A cleaner packet gives the property team fewer follow-up questions to answer.

#camreconciliation #managementfees #cre","[camreconciliation, managementfees, cre]",false,cam-math,carousel,https://www.capveri.com/resources/admin-fee-calculation-methods
251,2026-06-04-1600-anti-integration-251.md,2026-06-04,16:00,America/Chicago,linkedin,capveri,"The fastest review of export-based verification starts with the source file.

Before billing, use CSV, Excel, and PDF outputs as the input layer.

Keep Yardi or MRI as the system of record, then run an independent lease-term calculation beside it.

Verify the output before changing the system.

One clear memo now can prevent a long email thread later.

The earlier review happens, the fewer people have to touch the packet.

A tenant-level variance note is useful even when the final charge is correct.

The integration is not the proof. The calculation trace is the proof.

#cretech #camreconciliation #yardi","[cretech, camreconciliation, yardi]",false,anti-integration,text-short,https://www.capveri.com/resources/data-migration-off-excel
252,2026-06-04-1700-founder-252.md,2026-06-04,17:00,America/Chicago,linkedin,capveri,"The hard part is keeping the export, lease rule, and exception trail together.

It is the setup behind the arithmetic. Reserve time for export QA, lease-rule review, exception resolution, and packet assembly.

CapVeri keeps export review, lease-term logic, and the calculation record in one review path.

A review-ready packet does not need drama. It needs traceable inputs.

A calendar will not fix the math, but it keeps the math from being reviewed too late.

#camreconciliation #propertyaccounting #cre","[camreconciliation, propertyaccounting, cre]",false,founder,text-long,https://www.capveri.com/resources/year-end-close-checklist-cam
253,2026-06-04-1800-cam-math-253.md,2026-06-04,18:00,America/Chicago,linkedin,capveri,"Where do tenant questions about the gross-up factor usually start?

A. Taxes and insurance

B. Management fees

C. CapEx classification

D. Pro-rata share changes

Keep gross-up limited to the expense categories the lease and review file support.

The best version of this review is boring and repeatable.

#camreconciliation #grossup #cre","[camreconciliation, grossup, cre]",false,cam-math,poll,https://www.capveri.com/resources/cam-gross-up-calculation-guide
254,2026-06-04-1900-product-254.md,2026-06-04,19:00,America/Chicago,linkedin,capveri,"Spreadsheets and ERP setup screens can show the output.

CapVeri keeps the export, lease rule, exception, and tenant-level trace in one review path.

Upload the export, map the lease rules, then review tenant-level exceptions before statements go out.

Use it before final billing as an export-based review layer, not as an ERP replacement.

If the same exception appears twice, make it a control next year.

#capveri #camreconciliation #cretech","[capveri, camreconciliation, cretech]",false,product,text-short,https://www.capveri.com/product-tour
255,2026-06-04-2000-engagement-255.md,2026-06-04,20:00,America/Chicago,linkedin,capveri,"Which part of spreadsheet risk creates the most back-and-forth during close?

The math, the source data, the lease interpretation, or the tenant packet support?

Save the setup screenshot or export parameter while the file is still open.

A cleaner packet gives the property team fewer follow-up questions to answer.

#camreconciliation #excel #propertyaccounting","[camreconciliation, excel, propertyaccounting]",false,engagement,text-short,https://www.capveri.com/resources/data-migration-off-excel
256,2026-06-05-0600-cam-math-256.md,2026-06-05,06:00,America/Chicago,linkedin,capveri,"If the review for CAM caps is hard to explain, the packet needs work.

Before billing, confirm whether each cap is cumulative, non-cumulative, compounded, or fixed.

A 5 percent cap can behave very differently depending on whether unused cap room carries forward.

Keep a cap ledger by tenant and year.

Capture the note before the packet becomes tenant-facing.

The best exception queue is short, specific, and resolved before billing.

A short note in the close file is better than a long explanation after billing.

A cap field without the cap type is not enough support for a tenant packet.

#camreconciliation #expensecaps #propertyaccounting","[camreconciliation, expensecaps, propertyaccounting]",false,cam-math,text-short,https://www.capveri.com/resources/cam-expense-caps
257,2026-06-05-0700-erp-workarounds-257.md,2026-06-05,07:00,America/Chicago,linkedin,capveri,"MRI export review: the CAM check to run before billing.

Start with the control question: MRI recovery billing still needs lease-level QA.

Source check: compare share type, billing pool, lease exclusions, and gross-up rules before statements go out.

Where it breaks: A tenant can be assigned to the right pool and still use the wrong denominator.

Evidence to keep: GL source, lease rule, calculation input, and tenant impact.

Before billing: Run a tenant-by-tenant exception report before final billing.

The issue is usually configuration drift, not a broken ERP.

The close file should show both the accounting source and the lease logic.

#mri #camreconciliation #propertymanagement","[mri, camreconciliation, propertymanagement]",false,erp-workarounds,carousel,https://www.capveri.com/resources/export-cam-mri
258,2026-06-05-0800-war-stories-258.md,2026-06-05,08:00,America/Chicago,linkedin,capveri,"If the review for pre-send QA is hard to explain, the packet needs work.

Before billing, run checks for pool membership, non-recoverable lines, gross-up, caps, and denominator changes.

One excluded GL account caught before billing is cleaner than a revised statement after billing.

Use a pre-send checklist every cycle.

The reviewer needs enough detail to approve the charge without guessing.

Do the work while the context is fresh.

If a tenant asks, the answer should already be in the packet.

A signed reconciliation packet should not be the first time the math is reviewed end to end.

#camreconciliation #propertyaccounting #cre","[camreconciliation, propertyaccounting, cre]",false,war-stories,text-short,https://www.capveri.com/resources/cam-presend-checklist
259,2026-06-05-0900-anti-integration-259.md,2026-06-05,09:00,America/Chicago,linkedin,capveri,"The packet gets easier to review when deterministic CAM math is documented early.

1. Start with the lease rule. Financial math should be deterministic and auditable.

2. Check the source data. Use rules, formulas, and source-backed inputs for allocations.

3. Run the calculation in a way someone else can follow. AI can help read a document, but the charge calculation should come from explicit lease terms.

4. Save the support. Keep calculation logic separate from document extraction.

If the rule is hard to explain internally, it will be harder to support externally.

Use the review to separate calculation errors from documentation gaps.

#camreconciliation #crefinance #proptech","[camreconciliation, crefinance, proptech]",false,anti-integration,text-long,https://www.capveri.com/resources/deterministic-vs-ai-cam
260,2026-06-05-1000-cam-math-260.md,2026-06-05,10:00,America/Chicago,linkedin,capveri,"Base-year stop: one small setup choice can change the tenant answer.

Before billing, normalize one-time items before using the base year as a benchmark.

Storm cleanup in the base year should not quietly lower recoveries for every later year.

Review the base-year pool before current-year allocations.

If the lease rule changed, the calculation note should change with it.

A clean close file beats a cleaner apology.

A tenant-level variance note is useful even when the final charge is correct.

A messy base year makes every future reconciliation look mathematically correct and economically wrong.

#camreconciliation #baseyear #crefinance","[camreconciliation, baseyear, crefinance]",false,cam-math,text-short,https://www.capveri.com/resources/base-year-expense-stop
261,2026-06-05-1100-industry-news-261.md,2026-06-05,11:00,America/Chicago,linkedin,capveri,"Property tax pass-throughs is a small review step that can change the tenant answer.

Setup: tax pass-throughs can move tenant charges quickly.

Drift: separate assessment changes, refunds, appeals, and prior-year adjustments.

Trace: A tax refund should be tracked back to the tenants and years affected by the original charge.

Answer: Tie the tax line to the bill, appeal status, allocation rule, and recovery period.

Tax lines are often high-dollar, so weak support gets noticed.

Use this as a first-pass control, then move exceptions into a separate queue.

#propertytax #camreconciliation #crefinance","[propertytax, camreconciliation, crefinance]",false,industry-news,video,https://www.capveri.com/resources/real-estate-tax-reconciliation
262,2026-06-05-1200-cam-math-262.md,2026-06-05,12:00,America/Chicago,linkedin,capveri,"Pro-rata denominator can expose drift in an otherwise clean CAM statement.

Before billing, match the denominator to the lease, not just the building setup screen.

Building RSF, occupied RSF, floor RSF, and pool RSF can all produce different percentages.

Store the denominator source next to the calculation output.

This is the kind of issue that gets expensive only after it is hard to reconstruct.

The earlier review happens, the fewer people have to touch the packet.

A clean exception list is easier to manage than scattered comments in a workbook.

A percentage with no denominator support is hard to explain after a tenant asks questions.

#camreconciliation #prorata #propertymanagement","[camreconciliation, prorata, propertymanagement]",false,cam-math,text-short,https://www.capveri.com/resources/pro-rata-share-calculation
263,2026-06-05-1300-erp-workarounds-263.md,2026-06-05,13:00,America/Chicago,linkedin,capveri,"The fastest review of RealPage export review starts with the source file.

Before billing, confirm pool membership, exclusions, caps, and date range settings.

A reimbursement pool can include the right GL accounts but the wrong tenant allocation rule.

Use export-based verification before statements leave accounting.

If the answer depends on a hidden workbook tab, move the support into the close file.

The useful backup is boring: source, rule, input, output.

The approval path matters as much as the formula when the number is questioned.

Export review is cheaper than reopening a tenant packet after questions start.

#realpage #camreconciliation #propertyaccounting","[realpage, camreconciliation, propertyaccounting]",false,erp-workarounds,text-short,https://www.capveri.com/resources/export-cam-realpage
264,2026-06-05-1400-war-stories-264.md,2026-06-05,14:00,America/Chicago,linkedin,capveri,"A review of the calculation audit trail belongs in CAM close before final billing.

1. Start with the lease rule. A calculation audit trail connects each output back to its source.

2. Check the source data. Keep GL line, pool assignment, lease clause, factor, cap rule, and tenant allocation together.

3. Run the calculation in a way someone else can follow. If a tenant asks why their share changed, the answer should not require rebuilding the workbook.

4. Save the support. Store the trace with the final packet.

A tie-out proves totals. It does not by itself show recoverability.

A review-ready packet does not need drama. It needs traceable inputs.

#camaudit #camreconciliation #crefinance","[camaudit, camreconciliation, crefinance]",false,war-stories,text-long,https://www.capveri.com/resources/self-audit-cam-billing
265,2026-06-05-1500-cam-math-265.md,2026-06-05,15:00,America/Chicago,linkedin,capveri,"The quiet risk in CapEx vs. OpEx starts before the statement is formatted.

What to verify: look for capitalization clues before the line enters a recoverable pool.

What can go wrong: A repairs account can include invoices that deserve a capital-project check.

What to save: GL source, lease rule, calculation input, and tenant impact.

How to close it: Document the recoverability decision before the line reaches the tenant statement.

Watch item: A GL account called repairs is not proof that every line is recoverable maintenance.

If the answer depends on a hidden workbook tab, move the support into the close file.

The close file should show both the accounting source and the lease logic.

#camreconciliation #opex #propertyaccounting","[camreconciliation, opex, propertyaccounting]",false,cam-math,carousel,https://www.capveri.com/resources/capex-detection-cam
266,2026-06-05-1600-anti-integration-266.md,2026-06-05,16:00,America/Chicago,linkedin,capveri,"Check spreadsheet risk before the packet leaves accounting.

Before billing, check hard-coded factors, copied formulas, hidden tabs, and stale denominators.

A workbook can pass tie-out while one tenant row still points to last year's denominator.

Move repeated reconciliation logic into a traceable workflow.

Treat the exception note as part of the reconciliation, not an afterthought.

Good CAM support follows the charge from source to tenant answer.

If the same exception appears twice, make it a control next year.

The risk is not that spreadsheets are bad. The risk is that they are too easy to trust after they tie out.

#camreconciliation #excel #propertyaccounting","[camreconciliation, excel, propertyaccounting]",false,anti-integration,text-short,https://www.capveri.com/resources/data-migration-off-excel
267,2026-06-05-1700-founder-267.md,2026-06-05,17:00,America/Chicago,linkedin,capveri,"In CAM close, the final arithmetic is usually the easy part.

It is the setup behind the arithmetic. Prioritize what changed, what failed, what needs approval, and what is ready to send.

CapVeri keeps export review, lease-term logic, and the calculation record in one review path.

A tenant-level variance note is useful even when the final charge is correct.

The statement is the last mile. The control point is earlier.

#propertyaccounting #camreconciliation #crefinance","[propertyaccounting, camreconciliation, crefinance]",false,founder,text-short,https://www.capveri.com/resources/multi-property-cam-workflow
268,2026-06-05-1800-cam-math-268.md,2026-06-05,18:00,America/Chicago,linkedin,capveri,"Management fees should leave a trail a second reviewer can follow.

1. Start with the lease rule. Management fees depend on the lease basis and any fee cap.

2. Check the source data. Verify whether the fee is calculated on gross rent, recoverable expenses, or another base.

3. Run the calculation in a way someone else can follow. Applying a fee to an expense pool that already includes the fee can create circular math.

4. Save the support. Calculate the fee from the stated lease basis, then document the basis in the packet.

Management fee errors are easy to miss because the percentage itself often looks reasonable.

This check is small, but it keeps the packet from depending on memory.

#camreconciliation #managementfees #cre","[camreconciliation, managementfees, cre]",false,cam-math,text-long,https://www.capveri.com/resources/admin-fee-calculation-methods
269,2026-06-05-1900-product-269.md,2026-06-05,19:00,America/Chicago,linkedin,capveri,"A CAM total is not support. The support is the trace behind it.

The useful visual is simple: CAM number on one side; source, rule, and trace on the other.

If the review depends on judgment, write down the judgment while it is fresh.

#capveri #camreconciliation #propertymanagement","[capveri, camreconciliation, propertymanagement]",false,product,image-quote,https://www.capveri.com/sample-report
270,2026-06-05-2000-engagement-270.md,2026-06-05,20:00,America/Chicago,linkedin,capveri,"Which issue around BOMA 2024 slows down CAM close the most?

A. Missing source support

B. Lease-rule ambiguity

C. ERP setup drift

D. Last-minute exceptions

Do not let a measurement update become a silent billing change.

A clean exception list is easier to manage than scattered comments in a workbook.

#boma2024 #camreconciliation #cre","[boma2024, camreconciliation, cre]",false,engagement,poll,https://www.capveri.com/resources/boma-2024-implementation-guide
271,2026-06-06-0600-cam-math-271.md,2026-06-06,06:00,America/Chicago,linkedin,capveri,"A CAM total is not support. The support is the trace behind it.

The useful visual is simple: CAM number on one side; source, rule, and trace on the other.

A review-ready packet does not need drama. It needs traceable inputs.

#camreconciliation #grossup #cre","[camreconciliation, grossup, cre]",false,cam-math,image-quote,https://www.capveri.com/resources/cam-gross-up-calculation-guide
272,2026-06-06-0700-erp-workarounds-272.md,2026-06-06,07:00,America/Chicago,linkedin,capveri,"Check GL export QA before the packet leaves accounting.

Before billing, check date filters, accrual timing, entity scope, and excluded accounts.

A late-posted accrual can be outside the export even when the report total ties to the ledger run.

Save the export parameters with the reconciliation file.

Capture the note before the packet becomes tenant-facing.

When in doubt, show the denominator.

The packet should make the next reviewer faster, not dependent on the original preparer.

The CSV is the evidence trail. Treat the report settings as part of the evidence.

#yardi #camreconciliation #propertyaccounting","[yardi, camreconciliation, propertyaccounting]",false,erp-workarounds,text-short,https://www.capveri.com/resources/gl-analysis-explained
273,2026-06-06-0800-war-stories-273.md,2026-06-06,08:00,America/Chicago,linkedin,capveri,"A review of the audit defense packet belongs in CAM close before final billing.

1. Start with the lease rule. Tenant questions are easier to answer when the packet already explains the math.

2. Check the source data. Include source export, lease clause reference, calculation trace, and variance notes.

3. Run the calculation in a way someone else can follow. A tenant asking about landscaping should see the GL lines, allocation basis, and exclusion review.

4. Save the support. Build the audit trail before sending the statement.

Waiting until an auditor asks for support usually creates more work than assembling it up front.

Use this as a first-pass control, then move exceptions into a separate queue.

#camaudit #camreconciliation #propertymanagement","[camaudit, camreconciliation, propertymanagement]",false,war-stories,text-long,https://www.capveri.com/resources/landlord-cam-audit-defense-playbook
274,2026-06-06-0900-anti-integration-274.md,2026-06-06,09:00,America/Chicago,linkedin,capveri,"Watch export-based verification when the denominator changes.

Before billing, use CSV, Excel, and PDF outputs as the input layer.

Keep Yardi or MRI as the system of record, then run an independent lease-term calculation beside it.

Verify the output before changing the system.

The cleanest fix is usually a better source note, not a longer explanation.

The earlier review happens, the fewer people have to touch the packet.

A short note in the close file is better than a long explanation after billing.

The integration is not the proof. The calculation trace is the proof.

#cretech #camreconciliation #yardi","[cretech, camreconciliation, yardi]",false,anti-integration,text-short,https://www.capveri.com/resources/data-migration-off-excel
275,2026-06-06-1000-cam-math-275.md,2026-06-06,10:00,America/Chicago,linkedin,capveri,"Watch CAM caps when the denominator changes.

Before billing, confirm whether each cap is cumulative, non-cumulative, compounded, or fixed.

A 5 percent cap can behave very differently depending on whether unused cap room carries forward.

Keep a cap ledger by tenant and year.

A controller should be able to review this without reopening last year's workbook.

Good CAM support follows the charge from source to tenant answer.

If the input came from an ERP export, keep the report settings with it.

A cap field without the cap type is not enough support for a tenant packet.

#camreconciliation #expensecaps #propertyaccounting","[camreconciliation, expensecaps, propertyaccounting]",false,cam-math,text-short,https://www.capveri.com/resources/cam-expense-caps
276,2026-06-06-1100-industry-news-276.md,2026-06-06,11:00,America/Chicago,linkedin,capveri,"BOMA 2024 belongs in review before the packet goes out.

Input: measurement changes can affect pro-rata shares and billing support.

Review step: review lease language before applying a new measurement standard.

Common miss: A lease tied to a specific BOMA version may not behave like a lease that says standards as amended.

Approval trail: Model old and new denominators before updating the billing system.

Final check: Do not let a measurement update become a silent billing change.

A missing source note can create the same delay as a wrong formula.

#boma2024 #camreconciliation #cre","[boma2024, camreconciliation, cre]",false,industry-news,carousel,https://www.capveri.com/resources/boma-2024-implementation-guide
277,2026-06-06-1200-cam-math-277.md,2026-06-06,12:00,America/Chicago,linkedin,capveri,"A review of the base-year stop belongs in CAM close before final billing.

1. Start with the lease rule. Base-year leases compare current recoverable expenses against a baseline year.

2. Check the source data. Normalize one-time items before using the base year as a benchmark.

3. Run the calculation in a way someone else can follow. Storm cleanup in the base year should not quietly lower recoveries for every later year.

4. Save the support. Review the base-year pool before current-year allocations.

A messy base year makes every future reconciliation look mathematically correct and economically wrong.

If a statement needs revision, this note should explain exactly where to look.

#camreconciliation #baseyear #crefinance","[camreconciliation, baseyear, crefinance]",false,cam-math,text-long,https://www.capveri.com/resources/base-year-expense-stop
278,2026-06-06-1300-erp-workarounds-278.md,2026-06-06,13:00,America/Chicago,linkedin,capveri,"Check Yardi export review before the packet leaves accounting.

Before billing, review recovery pool, share type, gross-up, cap, and exclusion settings against the lease.

The report can run cleanly while one tenant uses the wrong share type.

Export the data, recalculate independently, then compare.

Save the setup screenshot or export parameter while the file is still open.

The best exception queue is short, specific, and resolved before billing.

A tenant-level variance note is useful even when the final charge is correct.

A correct ERP report means the system followed its setup. It does not by itself show the setup matches the lease.

#yardi #camreconciliation #cretech","[yardi, camreconciliation, cretech]",false,erp-workarounds,text-short,https://www.capveri.com/resources/export-cam-yardi-voyager
279,2026-06-06-1400-war-stories-279.md,2026-06-06,14:00,America/Chicago,linkedin,capveri,"A tenant question about tenant dispute prep should not require rebuilding the workbook.

Before billing, review the lines tenants are most likely to question before the packet is sent.

Taxes, insurance, management fees, CapEx, and administrative charges need especially clear support.

Attach the support while the reconciliation is still fresh.

This is the kind of issue that gets expensive only after it is hard to reconstruct.

Small setup drift is still drift.

If the rule is portfolio-specific, name the portfolio policy in the file.

A vague explanation can make a correct charge look suspect.

#camdisputes #camreconciliation #cre","[camdisputes, camreconciliation, cre]",false,war-stories,text-short,https://www.capveri.com/resources/tenant-cam-dispute
280,2026-06-06-1500-cam-math-280.md,2026-06-06,15:00,America/Chicago,linkedin,capveri,"The packet is not ready until the pro-rata denominator is tied back to the source.

Input: a tenant share is only as reliable as the denominator behind it.

Review: match the denominator to the lease, not just the building setup screen.

Evidence: Building RSF, occupied RSF, floor RSF, and pool RSF can all produce different percentages.

Close: Store the denominator source next to the calculation output.

A percentage with no denominator support is hard to explain after a tenant asks questions.

The reviewer should be able to see what changed since the prior run.

#camreconciliation #prorata #propertymanagement","[camreconciliation, prorata, propertymanagement]",false,cam-math,video,https://www.capveri.com/resources/pro-rata-share-calculation
281,2026-06-06-1600-anti-integration-281.md,2026-06-06,16:00,America/Chicago,linkedin,capveri,"The packet gets easier to review when deterministic CAM math is documented early.

1. Start with the lease rule. Financial math should be deterministic and auditable.

2. Check the source data. Use rules, formulas, and source-backed inputs for allocations.

3. Run the calculation in a way someone else can follow. AI can help read a document, but the charge calculation should come from explicit lease terms.

4. Save the support. Keep calculation logic separate from document extraction.

A plausible answer is not enough when money is being billed to tenants.

A clean exception list is easier to manage than scattered comments in a workbook.

#camreconciliation #crefinance #proptech","[camreconciliation, crefinance, proptech]",false,anti-integration,text-long,https://www.capveri.com/resources/deterministic-vs-ai-cam
282,2026-06-06-1700-founder-282.md,2026-06-06,17:00,America/Chicago,linkedin,capveri,"The part of CAM work that gets missed is usually upstream of the final statement.

It is the setup behind the arithmetic. Reserve time for export QA, lease-rule review, exception resolution, and packet assembly.

CapVeri keeps export review, lease-term logic, and the calculation record in one review path.

The issue is easiest to fix while the reconciliation file is still open.

A calendar will not fix the math, but it keeps the math from being reviewed too late.

#camreconciliation #propertyaccounting #cre","[camreconciliation, propertyaccounting, cre]",false,founder,text-short,https://www.capveri.com/resources/year-end-close-checklist-cam
283,2026-06-06-1800-cam-math-283.md,2026-06-06,18:00,America/Chicago,linkedin,capveri,"The quiet risk in CapEx vs. OpEx starts before the statement is formatted.

What to verify: look for capitalization clues before the line enters a recoverable pool.

What can go wrong: A repairs account can include invoices that deserve a capital-project check.

What to save: GL source, lease rule, calculation input, and tenant impact.

How to close it: Document the recoverability decision before the line reaches the tenant statement.

Watch item: A GL account called repairs is not proof that every line is recoverable maintenance.

A controller should be able to review this without reopening last year's workbook.

A tenant-level variance note is useful even when the final charge is correct.

#camreconciliation #opex #propertyaccounting","[camreconciliation, opex, propertyaccounting]",false,cam-math,carousel,https://www.capveri.com/resources/capex-detection-cam
284,2026-06-06-1900-product-284.md,2026-06-06,19:00,America/Chicago,linkedin,capveri,"Spreadsheets and ERP setup screens can show the output.

CapVeri keeps the export, lease rule, exception, and tenant-level trace in one review path.

Upload the export, map the lease rules, then review tenant-level exceptions before statements go out.

Use it before final billing as an export-based review layer, not as an ERP replacement.

A cleaner packet gives the property team fewer follow-up questions to answer.

#capveri #camreconciliation #cretech","[capveri, camreconciliation, cretech]",false,product,text-short,https://www.capveri.com/product-tour
285,2026-06-06-2000-engagement-285.md,2026-06-06,20:00,America/Chicago,linkedin,capveri,"What would make the next the gross-up factor review easier?

A. Clearer GL detail

B. Better lease references

C. Tenant-level variance notes

D. Cleaner packet format

Keep gross-up limited to the expense categories the lease and review file support.

The goal is not more backup. The goal is backup that points to the answer.

#camreconciliation #grossup #cre","[camreconciliation, grossup, cre]",false,engagement,poll,https://www.capveri.com/resources/cam-gross-up-calculation-guide
286,2026-06-07-0600-cam-math-286.md,2026-06-07,06:00,America/Chicago,linkedin,capveri,"Management fees: one small setup choice can change the tenant answer.

Before billing, verify whether the fee is calculated on gross rent, recoverable expenses, or another base.

Applying a fee to an expense pool that already includes the fee can create circular math.

Calculate the fee from the stated lease basis, then document the basis in the packet.

Save the setup screenshot or export parameter while the file is still open.

Small setup drift is still drift.

Keep the backup simple enough for someone outside accounting to follow.

Management fee errors are easy to miss because the percentage itself often looks reasonable.

#camreconciliation #managementfees #cre","[camreconciliation, managementfees, cre]",false,cam-math,text-short,https://www.capveri.com/resources/admin-fee-calculation-methods
287,2026-06-07-0700-erp-workarounds-287.md,2026-06-07,07:00,America/Chicago,linkedin,capveri,"Here is the review path for MRI export review.

1. Start with the lease rule. MRI recovery billing still needs lease-level QA.

2. Check the source data. Compare share type, billing pool, lease exclusions, and gross-up rules before statements go out.

3. Run the calculation in a way someone else can follow. A tenant can be assigned to the right pool and still use the wrong denominator.

4. Save the support. Run a tenant-by-tenant exception report before final billing.

The reviewer needs enough detail to approve the charge without guessing.

A missing source note can create the same delay as a wrong formula.

#mri #camreconciliation #propertymanagement","[mri, camreconciliation, propertymanagement]",false,erp-workarounds,text-long,https://www.capveri.com/resources/export-cam-mri
288,2026-06-07-0800-war-stories-288.md,2026-06-07,08:00,America/Chicago,linkedin,capveri,"A signed reconciliation packet should not be the first time the math is reviewed end to end.

The useful visual is simple: CAM number on one side; source, rule, and trace on the other.

This check is small, but it keeps the packet from depending on memory.

#camreconciliation #propertyaccounting #cre","[camreconciliation, propertyaccounting, cre]",false,war-stories,image-quote,https://www.capveri.com/resources/cam-presend-checklist
289,2026-06-07-0900-anti-integration-289.md,2026-06-07,09:00,America/Chicago,linkedin,capveri,"Spreadsheet risk: the CAM check to run before billing.

Start with the control question: Excel is flexible, but flexibility can hide broken assumptions.

Source check: check hard-coded factors, copied formulas, hidden tabs, and stale denominators.

Where it breaks: A workbook can pass tie-out while one tenant row still points to last year's denominator.

Evidence to keep: GL source, lease rule, calculation input, and tenant impact.

Before billing: Move repeated reconciliation logic into a traceable workflow.

The risk is not that spreadsheets are bad. The risk is that they are too easy to trust after they tie out.

Keep the final answer tied to the exact export used for billing.

#camreconciliation #excel #propertyaccounting","[camreconciliation, excel, propertyaccounting]",false,anti-integration,carousel,https://www.capveri.com/resources/data-migration-off-excel
290,2026-06-07-1000-cam-math-290.md,2026-06-07,10:00,America/Chicago,linkedin,capveri,"A tenant question about the gross-up factor should not require rebuilding the workbook.

Before billing, compare actual occupancy to the lease target before applying a factor.

If actual occupancy is already at or above the target, the factor should be 1.0.

Separate fixed and variable expenses before the reconciliation run.

If the answer depends on a hidden workbook tab, move the support into the close file.

When in doubt, show the denominator.

Use the review to separate calculation errors from documentation gaps.

Keep gross-up limited to the expense categories the lease and review file support.

#camreconciliation #grossup #cre","[camreconciliation, grossup, cre]",false,cam-math,text-short,https://www.capveri.com/resources/cam-gross-up-calculation-guide
291,2026-06-07-1100-industry-news-291.md,2026-06-07,11:00,America/Chicago,linkedin,capveri,"Watch California SB 1103 when the denominator changes.

Before billing, separate legal interpretation from accounting support and keep the source documentation ready.

A disclosure obligation is much easier to handle when the GL export and allocation logic are already organized.

Ask counsel how the law applies, then make sure the accounting file can support the response.

The cleanest fix is usually a better source note, not a longer explanation.

The earlier review happens, the fewer people have to touch the packet.

A short note in the close file is better than a long explanation after billing.

Compliance review is easier when the calculation trail is already organized.

#sb1103 #camreconciliation #californiarealestate","[sb1103, camreconciliation, californiarealestate]",false,industry-news,text-short,https://www.capveri.com/resources/sb-1103-compliance
292,2026-06-07-1200-cam-math-292.md,2026-06-07,12:00,America/Chicago,linkedin,capveri,"A review of CAM caps belongs in CAM close before final billing.

1. Start with the lease rule. Caps only work when the base amount and cap type are recorded correctly.

2. Check the source data. Confirm whether each cap is cumulative, non-cumulative, compounded, or fixed.

3. Run the calculation in a way someone else can follow. A 5 percent cap can behave very differently depending on whether unused cap room carries forward.

4. Save the support. Keep a cap ledger by tenant and year.

The useful backup is boring: source, rule, input, output.

Keep the final answer tied to the exact export used for billing.

#camreconciliation #expensecaps #propertyaccounting","[camreconciliation, expensecaps, propertyaccounting]",false,cam-math,text-long,https://www.capveri.com/resources/cam-expense-caps
293,2026-06-07-1300-erp-workarounds-293.md,2026-06-07,13:00,America/Chicago,linkedin,capveri,"RealPage export review deserves a source check before anyone formats the packet.

Source: RealPage exports should be checked against lease terms before allocation.

Lease: confirm pool membership, exclusions, caps, and date range settings.

Exception: A reimbursement pool can include the right GL accounts but the wrong tenant allocation rule.

Packet: Use export-based verification before statements leave accounting.

Export review is cheaper than reopening a tenant packet after questions start.

If the same exception appears twice, make it a control next year.

#realpage #camreconciliation #propertyaccounting","[realpage, camreconciliation, propertyaccounting]",false,erp-workarounds,video,https://www.capveri.com/resources/export-cam-realpage
294,2026-06-07-1400-war-stories-294.md,2026-06-07,14:00,America/Chicago,linkedin,capveri,"The fastest review of the calculation audit trail starts with the source file.

Before billing, keep GL line, pool assignment, lease clause, factor, cap rule, and tenant allocation together.

If a tenant asks why their share changed, the answer should not require rebuilding the workbook.

Store the trace with the final packet.

A controller should be able to review this without reopening last year's workbook.

A clean close file beats a cleaner apology.

A cleaner packet gives the property team fewer follow-up questions to answer.

A spreadsheet total without trace support is fragile evidence.

#camaudit #camreconciliation #crefinance","[camaudit, camreconciliation, crefinance]",false,war-stories,text-short,https://www.capveri.com/resources/self-audit-cam-billing
295,2026-06-07-1500-cam-math-295.md,2026-06-07,15:00,America/Chicago,linkedin,capveri,"A tenant question about the base-year stop should not require rebuilding the workbook.

Before billing, normalize one-time items before using the base year as a benchmark.

Storm cleanup in the base year should not quietly lower recoveries for every later year.

Review the base-year pool before current-year allocations.

This is the kind of issue that gets expensive only after it is hard to reconstruct.

The best exception queue is short, specific, and resolved before billing.

The issue is easiest to fix while the reconciliation file is still open.

A messy base year makes every future reconciliation look mathematically correct and economically wrong.

#camreconciliation #baseyear #crefinance","[camreconciliation, baseyear, crefinance]",false,cam-math,text-short,https://www.capveri.com/resources/base-year-expense-stop
296,2026-06-07-1600-anti-integration-296.md,2026-06-07,16:00,America/Chicago,linkedin,capveri,"Export-based verification: the CAM check to run before billing.

Start with the control question: CAM verification can work from exports without replacing the ERP.

Source check: use CSV, Excel, and PDF outputs as the input layer.

Where it breaks: Keep Yardi or MRI as the system of record, then run an independent lease-term calculation beside it.

Evidence to keep: GL source, lease rule, calculation input, and tenant impact.

Before billing: Verify the output before changing the system.

The integration is not the proof. The calculation trace is the proof.

If the input came from an ERP export, keep the report settings with it.

#cretech #camreconciliation #yardi","[cretech, camreconciliation, yardi]",false,anti-integration,carousel,https://www.capveri.com/resources/data-migration-off-excel
297,2026-06-07-1700-founder-297.md,2026-06-07,17:00,America/Chicago,linkedin,capveri,"A cleaner CAM process starts before the PDF packet exists.

It is the setup behind the arithmetic. Prioritize what changed, what failed, what needs approval, and what is ready to send.

CapVeri keeps export review, lease-term logic, and the calculation record in one review path.

If the rule is portfolio-specific, name the portfolio policy in the file.

The statement is the last mile. The control point is earlier.

#propertyaccounting #camreconciliation #crefinance","[propertyaccounting, camreconciliation, crefinance]",false,founder,text-long,https://www.capveri.com/resources/multi-property-cam-workflow
298,2026-06-07-1800-cam-math-298.md,2026-06-07,18:00,America/Chicago,linkedin,capveri,"If the review for the pro-rata denominator is hard to explain, the packet needs work.

Before billing, match the denominator to the lease, not just the building setup screen.

Building RSF, occupied RSF, floor RSF, and pool RSF can all produce different percentages.

Store the denominator source next to the calculation output.

If the answer depends on a hidden workbook tab, move the support into the close file.

If the rule is hard to explain internally, it will be harder to support externally.

If the input came from an ERP export, keep the report settings with it.

A percentage with no denominator support is hard to explain after a tenant asks questions.

#camreconciliation #prorata #propertymanagement","[camreconciliation, prorata, propertymanagement]",false,cam-math,text-short,https://www.capveri.com/resources/pro-rata-share-calculation
299,2026-06-07-1900-product-299.md,2026-06-07,19:00,America/Chicago,linkedin,capveri,"What would make the next the sample report review easier?

A. Clearer GL detail

B. Better lease references

C. Tenant-level variance notes

D. Cleaner packet format

A report that only says pass or fail will not help accounting answer the next question.

A clean exception list is easier to manage than scattered comments in a workbook.

#capveri #camreconciliation #propertymanagement","[capveri, camreconciliation, propertymanagement]",false,product,poll,https://www.capveri.com/sample-report
300,2026-06-07-2000-engagement-300.md,2026-06-07,20:00,America/Chicago,linkedin,capveri,"If you could clean up one part of CAM caps before statements go out, what would you choose?

The math, the source data, the lease interpretation, or the tenant packet support?

Capture the note before the packet becomes tenant-facing.

Keep the backup simple enough for someone outside accounting to follow.

#camreconciliation #expensecaps #propertyaccounting","[camreconciliation, expensecaps, propertyaccounting]",false,engagement,text-short,https://www.capveri.com/resources/cam-expense-caps
